VariableName,VariableAcronym,VariableType
dataset_name,country,String
dataset_description,description,String
annual_change_population__2021_30,POP_COL1,Float
annual_change_population__2031_40,POP_COL2,Float
annual_change_population__2041_50,POP_COL3,Float
grid_electricity_emission_factor,ENE_COL1,Float
annual_change_grid_electricity_ef__2021_30,ENE_COL2,Float
annual_change_grid_electricity_ef__2031_40,ENE_COL3,Float
annual_change_grid_electricity_ef__2041_50,ENE_COL4,Float
district_heating_emission_factor,ENE_COL5,Float
annual_change_district_heating_ef__2021_30,ENE_COL6,Float
annual_change_district_heating_ef__2031_40,ENE_COL7,Float
annual_change_district_heating_ef__2041_50,ENE_COL8,Float
passenger_km_per_capita_bus,BUS_COL1,Float
occupancy_rate_bus,BUS_COL2,Float
annual_change_bus__2020_30,BUS_COL3,Float
annual_change_bus__2030_40,BUS_COL4,Float
annual_change_bus__2040_50,BUS_COL5,Float
propulsion_share_bus__petrol,BUS_COL6,Float
propulsion_share_bus__lpg,BUS_COL7,Float
propulsion_share_bus__diesel,BUS_COL8,Float
propulsion_share_bus__cng,BUS_COL9,Float
propulsion_share_bus__electricity,BUS_COL10,Float
cf_bus__metropolitan,BUS_COL11,Float
cf_bus__city,BUS_COL12,Float
cf_bus__suburban,BUS_COL13,Float
cf_bus__town,BUS_COL14,Float
cf_bus__rural,BUS_COL15,Float
ef_street_driving_bus__petrol,BUS_COL16,Float
ef_street_driving_bus__lpg,BUS_COL17,Float
ef_street_driving_bus__diesel,BUS_COL18,Float
ef_street_driving_bus__cng,BUS_COL19,Float
electricity_consumption_street_driving_bus__electricity,BUS_COL20,Float
ef_road_driving_bus__petrol,BUS_COL21,Float
ef_road_driving_bus__lpg,BUS_COL22,Float
ef_road_driving_bus__diesel,BUS_COL23,Float
ef_road_driving_bus__cng,BUS_COL24,Float
electricity_consumption_road_driving_bus__electricity,BUS_COL25,Float
share_of_electric_buses__2020,BUS_COL26,Float
share_of_electric_buses__2025,BUS_COL27,Float
share_of_electric_buses__2030,BUS_COL28,Float
share_of_electric_buses__2035,BUS_COL29,Float
share_of_electric_buses__2040,BUS_COL30,Float
share_of_electric_buses__2045,BUS_COL31,Float
share_of_electric_buses__2050,BUS_COL32,Float
share_road_driving_buses__metropolitan_center,BUS_COL33,Float
share_road_driving_buses__urban,BUS_COL35,Float
share_road_driving_buses__suburban,BUS_COL37,Float
share_road_driving_buses__town,BUS_COL39,Float
share_road_driving_buses__rural,BUS_COL41,Float
passenger_km_per_capita_car,CAR_COL1,Float
occupancy_rate_car,CAR_COL2,Float
annual_change_car__2021_30,CAR_COL4,Float
annual_change_car__2031_40,CAR_COL5,Float
annual_change_car__2041_50,CAR_COL6,Float
ef_petrol_car,CAR_COL7,Float
ef_diesel_car,CAR_COL8,Float
propulsion_share_car__lpg,CAR_COL9,Float
propulsion_share_car__cng,CAR_COL10,Float
propulsion_share_car__ngv,CAR_COL11,Float
propulsion_share_car__petrol,CAR_COL12,Float
propulsion_share_car__hybrid_electric_petrol,CAR_COL13,Float
propulsion_share_car__petrol_phev,CAR_COL14,Float
propulsion_share_car__diesel,CAR_COL15,Float
propulsion_share_car__hybrid_electric_diesel,CAR_COL16,Float
propulsion_share_car__diesel_phev,CAR_COL17,Float
propulsion_share_car__hydrogen_fuel_cell,CAR_COL18,Float
propulsion_share_car__bioethanol,CAR_COL19,Float
propulsion_share_car__biodiesel,CAR_COL20,Float
propulsion_share_car__bi_fuel,CAR_COL21,Float
propulsion_share_car__other,CAR_COL22,Float
propulsion_share_car__bev,CAR_COL23,Float
ef_street_driving_car__lpg,CAR_COL24,Float
ef_street_driving_car__cng,CAR_COL25,Float
ef_street_driving_car__ngv,CAR_COL26,Float
ef_street_driving_car__petrol,CAR_COL27,Float
ef_street_driving_car__hybrid_electric_petrol,CAR_COL28,Float
ef_street_driving_car__petrol_phev,CAR_COL29,Float
ef_street_driving_car__diesel,CAR_COL30,Float
ef_street_driving_car__hybrid_electric_diesel,CAR_COL31,Float
ef_street_driving_car__diesel_phev,CAR_COL32,Float
ef_street_driving_car__hydrogen_fuel_cell,CAR_COL33,Float
ef_street_driving_car__bioethanol,CAR_COL34,Float
ef_street_driving_car__biodiesel,CAR_COL35,Float
ef_street_driving_car__bi_fuel,CAR_COL36,Float
ef_street_driving_car__other,CAR_COL37,Float
ef_street_driving_car__bev,CAR_COL38,Float
ef_road_driving_car__lpg,CAR_COL39,Float
ef_road_driving_car__cng,CAR_COL40,Float
ef_road_driving_car__ngv,CAR_COL41,Float
ef_road_driving_car__petrol,CAR_COL42,Float
ef_road_driving_car__hybrid_electric_petrol,CAR_COL43,Float
ef_road_driving_car__petrol_phev,CAR_COL44,Float
ef_road_driving_car__diesel,CAR_COL45,Float
ef_road_driving_car__hybrid_electric_diesel,CAR_COL46,Float
ef_road_driving_car__diesel_phev,CAR_COL47,Float
ef_road_driving_car__hydrogen_fuel_cell,CAR_COL48,Float
ef_road_driving_car__bioethanol,CAR_COL49,Float
ef_road_driving_car__biodiesel,CAR_COL50,Float
ef_road_driving_car__bi_fuel,CAR_COL51,Float
ef_road_driving_car__other,CAR_COL52,Float
ef_road_driving_car__bev,CAR_COL53,Float
cf_car__metropolitan,CAR_COL54,Float
cf_car__city,CAR_COL55,Float
cf_car__suburban,CAR_COL56,Float
cf_car__town,CAR_COL57,Float
cf_car__rural,CAR_COL58,Float
share_road_driving_car__metropolitan_center,CAR_COL59,Float
share_road_driving_car__urban,CAR_COL60,Float
share_road_driving_car__suburban,CAR_COL61,Float
share_road_driving_car__town,CAR_COL62,Float
share_road_driving_car__rural,CAR_COL63,Float
passenger_km_per_capita_metro,METRO_COL1,Float
occupancy_rate_metro,METRO_COL2,Float
electricity_consumption_metro,METRO_COL3,Float
annual_change_metro__2021_30,METRO_COL4,Float
annual_change_metro__2031_40,METRO_COL5,Float
annual_change_metro__2041_50,METRO_COL6,Float
metro__1,METRO_COL7,String
metro__2,METRO_COL8,String
metro__3,METRO_COL9,String
metro__4,METRO_COL10,String
metro__5,METRO_COL11,String
metro__6,METRO_COL12,String
metro__7,METRO_COL13,String
transport_activity_metro__pkm_a,METRO_COL14,Float
transport_activity_metro__metro_2,METRO_COL15,Float
transport_activity_metro__metro_3,METRO_COL16,Float
transport_activity_metro__metro_4,METRO_COL17,Float
transport_activity_metro__metro_5,METRO_COL18,Float
transport_activity_metro__metro_6,METRO_COL19,Float
transport_activity_metro__metro_7,METRO_COL20,Float
passenger_km_per_capita_tram,TRAM_COL1,Float
occupancy_rate_tram,TRAM_COL2,Float
electricity_consumption_tram,TRAM_COL3,Float
annual_change_tram__2021_30,TRAM_COL4,Float
annual_change_tram__2031_40,TRAM_COL5,Float
annual_change_tram__2041_50,TRAM_COL6,Float
tram__1,TRAM_COL7,String
tram__2,TRAM_COL8,String
tram__3,TRAM_COL9,String
tram__4,TRAM_COL10,String
tram__5,TRAM_COL11,String
tram__6,TRAM_COL12,String
tram__7,TRAM_COL13,String
tram__8,TRAM_COL14,String
tram__9,TRAM_COL15,String
tram__10,TRAM_COL16,String
tram__11,TRAM_COL17,String
tram__12,TRAM_COL18,String
tram__13,TRAM_COL19,String
tram__14,TRAM_COL20,String
tram__15,TRAM_COL21,String
tram__16,TRAM_COL22,String
tram__17,TRAM_COL23,String
tram__18,TRAM_COL24,String
tram__19,TRAM_COL25,String
tram__20,TRAM_COL26,String
tram__21,TRAM_COL27,String
tram__22,TRAM_COL28,String
tram__23,TRAM_COL29,String
tram__24,TRAM_COL30,String
tram__25,TRAM_COL31,String
tram__26,TRAM_COL32,String
tram__27,TRAM_COL33,String
tram__28,TRAM_COL34,String
tram__29,TRAM_COL35,String
tram__30,TRAM_COL36,String
tram__31,TRAM_COL37,String
tram__32,TRAM_COL38,String
tram__33,TRAM_COL39,String
tram__34,TRAM_COL40,String
tram__35,TRAM_COL41,String
tram__36,TRAM_COL42,String
tram__37,TRAM_COL43,String
tram__38,TRAM_COL44,String
tram__39,TRAM_COL45,String
tram__40,TRAM_COL46,String
tram__41,TRAM_COL47,String
tram__42,TRAM_COL48,String
tram__43,TRAM_COL49,String
tram__44,TRAM_COL50,String
tram__45,TRAM_COL51,String
tram__46,TRAM_COL52,String
tram__47,TRAM_COL53,String
tram__48,TRAM_COL54,String
tram__49,TRAM_COL55,String
tram__50,TRAM_COL56,String
tram__51,TRAM_COL57,String
tram__52,TRAM_COL58,String
tram__53,TRAM_COL59,String
tram__54,TRAM_COL60,String
tram__55,TRAM_COL61,String
tram__56,TRAM_COL62,String
tram__57,TRAM_COL63,String
tram__58,TRAM_COL64,String
transport_activity_tram__tram_1,TRAM_COL65,Float
transport_activity_tram__tram_2,TRAM_COL66,Float
transport_activity_tram__tram_3,TRAM_COL67,Float
transport_activity_tram__tram_4,TRAM_COL68,Float
transport_activity_tram__tram_5,TRAM_COL69,Float
transport_activity_tram__tram_6,TRAM_COL70,Float
transport_activity_tram__tram_7,TRAM_COL71,Float
transport_activity_tram__tram_8,TRAM_COL72,Float
transport_activity_tram__tram_9,TRAM_COL73,Float
transport_activity_tram__tram_10,TRAM_COL74,Float
transport_activity_tram__tram_11,TRAM_COL75,Float
transport_activity_tram__tram_12,TRAM_COL76,Float
transport_activity_tram__tram_13,TRAM_COL77,Float
transport_activity_tram__tram_14,TRAM_COL78,Float
transport_activity_tram__tram_15,TRAM_COL79,Float
transport_activity_tram__tram_16,TRAM_COL80,Float
transport_activity_tram__tram_17,TRAM_COL81,Float
transport_activity_tram__tram_18,TRAM_COL82,Float
transport_activity_tram__tram_19,TRAM_COL83,Float
transport_activity_tram__tram_20,TRAM_COL84,Float
transport_activity_tram__tram_21,TRAM_COL85,Float
transport_activity_tram__tram_22,TRAM_COL86,Float
transport_activity_tram__tram_23,TRAM_COL87,Float
transport_activity_tram__tram_24,TRAM_COL88,Float
transport_activity_tram__tram_25,TRAM_COL89,Float
transport_activity_tram__tram_26,TRAM_COL90,Float
transport_activity_tram__tram_27,TRAM_COL91,Float
transport_activity_tram__tram_28,TRAM_COL92,Float
transport_activity_tram__tram_29,TRAM_COL93,Float
transport_activity_tram__tram_30,TRAM_COL94,Float
transport_activity_tram__tram_31,TRAM_COL95,Float
transport_activity_tram__tram_32,TRAM_COL96,Float
transport_activity_tram__tram_33,TRAM_COL97,Float
transport_activity_tram__tram_34,TRAM_COL98,Float
transport_activity_tram__tram_35,TRAM_COL99,Float
transport_activity_tram__tram_36,TRAM_COL100,Float
transport_activity_tram__tram_37,TRAM_COL101,Float
transport_activity_tram__tram_38,TRAM_COL102,Float
transport_activity_tram__tram_39,TRAM_COL103,Float
transport_activity_tram__tram_40,TRAM_COL104,Float
transport_activity_tram__tram_41,TRAM_COL105,Float
transport_activity_tram__tram_42,TRAM_COL106,Float
transport_activity_tram__tram_43,TRAM_COL107,Float
transport_activity_tram__tram_44,TRAM_COL108,Float
transport_activity_tram__tram_45,TRAM_COL109,Float
transport_activity_tram__tram_46,TRAM_COL110,Float
transport_activity_tram__tram_47,TRAM_COL111,Float
transport_activity_tram__tram_48,TRAM_COL112,Float
transport_activity_tram__tram_49,TRAM_COL113,Float
transport_activity_tram__tram_50,TRAM_COL114,Float
transport_activity_tram__tram_51,TRAM_COL115,Float
transport_activity_tram__tram_52,TRAM_COL116,Float
transport_activity_tram__tram_53,TRAM_COL117,Float
transport_activity_tram__tram_54,TRAM_COL118,Float
transport_activity_tram__tram_55,TRAM_COL119,Float
transport_activity_tram__tram_56,TRAM_COL120,Float
transport_activity_tram__tram_57,TRAM_COL121,Float
transport_activity_tram__tram_58,TRAM_COL122,Float
passenger_km_per_capita_train,TRAIN_COL1,Float
occupancy_rate_train,TRAIN_COL2,Float
ef_diesel_train,TRAIN_COL3,Float
energy_consumption_electric_train,TRAIN_COL4,Float
share_of_electric_engines,TRAIN_COL5,Float
annual_change_passenger_train__2021_30,TRAIN_COL6,Float
annual_change_passenger_train__2031_40,TRAIN_COL7,Float
annual_change_passenger_train__2041_50,TRAIN_COL8,Float
cf_passenger_train__metropolitan,TRAIN_COL9,Float
cf_passenger_train__city,TRAIN_COL10,Float
cf_passenger_train__suburban,TRAIN_COL11,Float
cf_passenger_train__town,TRAIN_COL12,Float
cf_passenger_train__rural,TRAIN_COL13,Float
vehicle_km_per_capita_rail_freight,RAIL_TRN_COL1,Float
ef_diesel_rail_freight,RAIL_TRN_COL2,Float
energy_consumption_electric_rail_freight,RAIL_TRN_COL3,Float
share_of_electric_engines_rail_freight,RAIL_TRN_COL4,Float
annual_change_rail_freight__2021_30,RAIL_TRN_COL5,Float
annual_change_rail_freight__2031_40,RAIL_TRN_COL6,Float
annual_change_rail_freight__2041_50,RAIL_TRN_COL7,Float
cf_rail_freight__metropolitan,RAIL_TRN_COL8,Float
cf_rail_freight__city,RAIL_TRN_COL9,Float
cf_rail_freight__suburban,RAIL_TRN_COL10,Float
cf_rail_freight__town,RAIL_TRN_COL11,Float
cf_rail_freight__rural,RAIL_TRN_COL12,Float
average_load_rail_freight,RAIL_TRN_COL13,Float
vehicle_km_per_capita_road_freight,ROAD_TRN_COL1,Float
road_transport_emission_factor,ROAD_TRN_COL2,Float
annual_change_road_freight__2021_30,ROAD_TRN_COL3,Float
annual_change_road_freight__2031_40,ROAD_TRN_COL4,Float
annual_change_road_freight__2041_50,ROAD_TRN_COL5,Float
cf_road_freight__metropolitan,ROAD_TRN_COL6,Float
cf_road_freight__city,ROAD_TRN_COL7,Float
cf_road_freight__suburban,ROAD_TRN_COL8,Float
cf_road_freight__town,ROAD_TRN_COL9,Float
cf_road_freight__rural,ROAD_TRN_COL10,Float
propulsion_share_road_freight__petrol_including_hybrids,ROAD_TRN_COL11,Float
propulsion_share_road_freight__lpg,ROAD_TRN_COL12,Float
propulsion_share_road_freight__diesel_including_hybrids,ROAD_TRN_COL13,Float
propulsion_share_road_freight__natural_gas,ROAD_TRN_COL14,Float
propulsion_share_road_freight__electricity,ROAD_TRN_COL15,Float
propulsion_share_road_freight__alternative_energy,ROAD_TRN_COL16,Float
propulsion_share_road_freight__bioethanol,ROAD_TRN_COL17,Float
propulsion_share_road_freight__biodiesel,ROAD_TRN_COL18,Float
propulsion_share_road_freight__cng,ROAD_TRN_COL19,Float
ef_street_driving_road_freight__petrol_including_hybrids,ROAD_TRN_COL20,Float
ef_street_driving_road_freight__lpg,ROAD_TRN_COL21,Float
ef_street_driving_road_freight__diesel_including_hybrids,ROAD_TRN_COL22,Float
ef_street_driving_road_freight__natural_gas,ROAD_TRN_COL23,Float
ef_street_driving_road_freight__electricity,ROAD_TRN_COL24,Float
ef_street_driving_road_freight__alternative_energy,ROAD_TRN_COL25,Float
ef_street_driving_road_freight__bioethanol,ROAD_TRN_COL26,Float
ef_street_driving_road_freight__biodiesel,ROAD_TRN_COL27,Float
ef_street_driving_road_freight__cng,ROAD_TRN_COL28,Float
ef_road_driving_road_freight__petrol_including_hybrids,ROAD_TRN_COL29,Float
ef_road_driving_road_freight__lpg,ROAD_TRN_COL30,Float
ef_road_driving_road_freight__diesel_including_hybrids,ROAD_TRN_COL31,Float
ef_road_driving_road_freight__natural_gas,ROAD_TRN_COL32,Float
ef_road_driving_road_freight__electricity,ROAD_TRN_COL33,Float
ef_road_driving_road_freight__alternative_energy,ROAD_TRN_COL34,Float
ef_road_driving_road_freight__bioethanol,ROAD_TRN_COL35,Float
ef_road_driving_road_freight__biodiesel,ROAD_TRN_COL36,Float
ef_road_driving_road_freight__cng,ROAD_TRN_COL37,Float
share_road_driving_road_freight__metropolitan_center,ROAD_TRN_COL38,Float
share_road_driving_road_freight__urban,ROAD_TRN_COL39,Float
share_road_driving_road_freight__suburban,ROAD_TRN_COL40,Float
share_road_driving_road_freight__town,ROAD_TRN_COL41,Float
share_road_driving_road_freight__rural,ROAD_TRN_COL42,Float
average_load_road_freight,ROAD_TRN_COL43,Float
vehicle_km_per_capita_waterways_transport,WATER_TRN_COL1,Float
ef_inland_waterways,WATER_TRN_COL2,Float
annual_change_waterways_transport__2021_30,WATER_TRN_COL3,Float
annual_change_waterways_transport__2031_40,WATER_TRN_COL4,Float
annual_change_waterways_transport__2041_50,WATER_TRN_COL5,Float
cf_waterways_transport__metropolitan,WATER_TRN_COL6,Float
cf_waterways_transport__city,WATER_TRN_COL7,Float
cf_waterways_transport__suburban,WATER_TRN_COL8,Float
cf_waterways_transport__town,WATER_TRN_COL9,Float
cf_waterways_transport__rural,WATER_TRN_COL10,Float
average_load_inland_waterways,WATER_TRN_COL11,Float
country_land_area,MENU_COL1,Float
factor_inclusion,MENU_COL2,Float
menu_options_inland_waterways_intensity__1,MENU_COL3,String
menu_options_inland_waterways_intensity__2,MENU_COL4,String
menu_options_inland_waterways_intensity__3,MENU_COL5,String
menu_options_inland_waterways_intensity__4,MENU_COL6,String
non_residental_passenger_transport_on_road__none,MENU_COL7,Float
non_residental_passenger_transport_on_road__low_intensity,MENU_COL8,Float
non_residental_passenger_transport_on_road__average_intensity,MENU_COL9,Float
non_residental_passenger_transport_on_road__high_intensity,MENU_COL10,Float
freight_transport_by_road__none,MENU_COL11,Float
freight_transport_by_road__low_intensity,MENU_COL12,Float
freight_transport_by_road__average_intensity,MENU_COL13,Float
freight_transport_by_road__high_intensity,MENU_COL14,Float
freight_transport_by_rail__none,MENU_COL15,Float
freight_transport_by_rail__low_intensity,MENU_COL16,Float
freight_transport_by_rail__average_intensity,MENU_COL17,Float
freight_transport_by_rail__high_intensity,MENU_COL18,Float
freight_transport_by_inland_waterways__none,MENU_COL19,Float
freight_transport_by_inland_waterways__low_intensity,MENU_COL20,Float
freight_transport_by_inland_waterways__average_intensity,MENU_COL21,Float
freight_transport_by_inland_waterways__high_intensity,MENU_COL22,Float
annual_change_vehicle_efficiency__2021_30,TECH_COL1,Float
annual_change_vehicle_efficiency__2031_40,TECH_COL2,Float
annual_change_vehicle_efficiency__2041_50,TECH_COL3,Float
land_use_baseline_forestland,CSC_COL1,Float
land_use_baseline_forestland_annual_change__2021_30,CSC_COL2,Float
land_use_baseline_forestland_annual_change__2031_40,CSC_COL3,Float
land_use_baseline_forestland_annual_change__2041_50,CSC_COL4,Float
land_use_baseline_cropland,CSC_COL5,Float
land_use_baseline_cropland_annual_change__2021_30,CSC_COL6,Float
land_use_baseline_cropland_annual_change__2031_40,CSC_COL7,Float
land_use_baseline_cropland_annual_change__2041_50,CSC_COL8,Float
land_use_baseline_grassland,CSC_COL9,Float
land_use_baseline_grassland_annual_change__2021_30,CSC_COL10,Float
land_use_baseline_grassland_annual_change__2031_40,CSC_COL11,Float
land_use_baseline_grassland_annual_change__2041_50,CSC_COL12,Float
land_use_baseline_wetlands,CSC_COL13,Float
land_use_baseline_wetlands_annual_change__2021_30,CSC_COL14,Float
land_use_baseline_wetlands_annual_change__2031_40,CSC_COL15,Float
land_use_baseline_wetlands_annual_change__2041_50,CSC_COL16,Float
land_use_baseline_settlements,CSC_COL17,Float
land_use_baseline_settlements_annual_change__2021_30,CSC_COL18,Float
land_use_baseline_settlements_annual_change__2031_40,CSC_COL19,Float
land_use_baseline_settlements_annual_change__2041_50,CSC_COL20,Float
land_use_baseline_other_land,CSC_COL21,Float
land_use_baseline_other_land_annual_change__2021_30,CSC_COL22,Float
land_use_baseline_other_land_annual_change__2031_40,CSC_COL23,Float
land_use_baseline_other_land_annual_change__2041_50,CSC_COL24,Float
cropland_to_forestland__aboveground_biomass,CSC_COL25,Float
cropland_to_forestland__belowground_biomass,CSC_COL26,Float
cropland_to_forestland__dead_wood,CSC_COL27,Float
cropland_to_forestland__litter,CSC_COL28,Float
cropland_to_forestland__mineral_soil,CSC_COL29,Float
cropland_to_forestland__organic_soil,CSC_COL30,Float
grassland_to_forestland__aboveground_biomass,CSC_COL31,Float
grassland_to_forestland__belowground_biomass,CSC_COL32,Float
grassland_to_forestland__dead_wood,CSC_COL33,Float
grassland_to_forestland__litter,CSC_COL34,Float
grassland_to_forestland__mineral_soil,CSC_COL35,Float
grassland_to_forestland__organic_soil,CSC_COL36,Float
wetland_to_forestland__aboveground_biomass,CSC_COL37,Float
wetland_to_forestland__belowground_biomass,CSC_COL38,Float
wetland_to_forestland__dead_wood,CSC_COL39,Float
wetland_to_forestland__litter,CSC_COL40,Float
wetland_to_forestland__mineral_soil,CSC_COL41,Float
wetland_to_forestland__organic_soil,CSC_COL42,Float
settlement_to_forestland__aboveground_biomass,CSC_COL43,Float
settlement_to_forestland__belowground_biomass,CSC_COL44,Float
settlement_to_forestland__dead_wood,CSC_COL45,Float
settlement_to_forestland__litter,CSC_COL46,Float
settlement_to_forestland__mineral_soil,CSC_COL47,Float
settlement_to_forestland__organic_soil,CSC_COL48,Float
otherland_to_forestland__aboveground_biomass,CSC_COL49,Float
otherland_to_forestland__belowground_biomass,CSC_COL50,Float
otherland_to_forestland__dead_wood,CSC_COL51,Float
otherland_to_forestland__litter,CSC_COL52,Float
otherland_to_forestland__mineral_soil,CSC_COL53,Float
otherland_to_forestland__organic_soil,CSC_COL54,Float
forestland_to_cropland__aboveground_biomass,CSC_COL55,Float
forestland_to_cropland__belowground_biomass,CSC_COL56,Float
forestland_to_cropland__dead_wood,CSC_COL57,Float
forestland_to_cropland__litter,CSC_COL58,Float
forestland_to_cropland__mineral_soil,CSC_COL59,Float
forestland_to_cropland__organic_soil,CSC_COL60,Float
grassland_to_cropland__aboveground_biomass,CSC_COL61,Float
grassland_to_cropland__belowground_biomass,CSC_COL62,Float
grassland_to_cropland__dead_wood,CSC_COL63,Float
grassland_to_cropland__litter,CSC_COL64,Float
grassland_to_cropland__mineral_soil,CSC_COL65,Float
grassland_to_cropland__organic_soil,CSC_COL66,Float
wetland_to_cropland__aboveground_biomass,CSC_COL67,Float
wetland_to_cropland__belowground_biomass,CSC_COL68,Float
wetland_to_cropland__dead_wood,CSC_COL69,Float
wetland_to_cropland__litter,CSC_COL70,Float
wetland_to_cropland__mineral_soil,CSC_COL71,Float
wetland_to_cropland__organic_soil,CSC_COL72,Float
settlement_to_cropland__aboveground_biomass,CSC_COL73,Float
settlement_to_cropland__belowground_biomass,CSC_COL74,Float
settlement_to_cropland__dead_wood,CSC_COL75,Float
settlement_to_cropland__litter,CSC_COL76,Float
settlement_to_cropland__mineral_soil,CSC_COL77,Float
settlement_to_cropland__organic_soil,CSC_COL78,Float
otherland_to_cropland__aboveground_biomass,CSC_COL79,Float
otherland_to_cropland__belowground_biomass,CSC_COL80,Float
otherland_to_cropland__dead_wood,CSC_COL81,Float
otherland_to_cropland__litter,CSC_COL82,Float
otherland_to_cropland__mineral_soil,CSC_COL83,Float
otherland_to_cropland__organic_soil,CSC_COL84,Float
forestland_to_grassland__aboveground_biomass,CSC_COL85,Float
forestland_to_grassland__belowground_biomass,CSC_COL86,Float
forestland_to_grassland__dead_wood,CSC_COL87,Float
forestland_to_grassland__litter,CSC_COL88,Float
forestland_to_grassland__mineral_soil,CSC_COL89,Float
forestland_to_grassland__organic_soil,CSC_COL90,Float
cropland_to_grassland__aboveground_biomass,CSC_COL91,Float
cropland_to_grassland__belowground_biomass,CSC_COL92,Float
cropland_to_grassland__dead_wood,CSC_COL93,Float
cropland_to_grassland__litter,CSC_COL94,Float
cropland_to_grassland__mineral_soil,CSC_COL95,Float
cropland_to_grassland__organic_soil,CSC_COL96,Float
wetland_to_grassland__aboveground_biomass,CSC_COL97,Float
wetland_to_grassland__belowground_biomass,CSC_COL98,Float
wetland_to_grassland__dead_wood,CSC_COL99,Float
wetland_to_grassland__litter,CSC_COL100,Float
wetland_to_grassland__mineral_soil,CSC_COL101,Float
wetland_to_grassland__organic_soil,CSC_COL102,Float
settlement_to_grassland__aboveground_biomass,CSC_COL103,Float
settlement_to_grassland__belowground_biomass,CSC_COL104,Float
settlement_to_grassland__dead_wood,CSC_COL105,Float
settlement_to_grassland__litter,CSC_COL106,Float
settlement_to_grassland__mineral_soil,CSC_COL107,Float
settlement_to_grassland__organic_soil,CSC_COL108,Float
otherland_to_grassland__aboveground_biomass,CSC_COL109,Float
otherland_to_grassland__belowground_biomass,CSC_COL110,Float
otherland_to_grassland__dead_wood,CSC_COL111,Float
otherland_to_grassland__litter,CSC_COL112,Float
otherland_to_grassland__mineral_soil,CSC_COL113,Float
otherland_to_grassland__organic_soil,CSC_COL114,Float
land_to_peat_extraction__aboveground_biomass,CSC_COL115,Float
land_to_peat_extraction__belowground_biomass,CSC_COL116,Float
land_to_peat_extraction__dead_wood,CSC_COL117,Float
land_to_peat_extraction__litter,CSC_COL118,Float
land_to_peat_extraction__mineral_soil,CSC_COL119,Float
land_to_peat_extraction__organic_soil,CSC_COL120,Float
peatland_restoration__aboveground_biomass,CSC_COL121,Float
peatland_restoration__belowground_biomass,CSC_COL122,Float
peatland_restoration__dead_wood,CSC_COL123,Float
peatland_restoration__litter,CSC_COL124,Float
peatland_restoration__mineral_soil,CSC_COL125,Float
peatland_restoration__organic_soil,CSC_COL126,Float
forestland_to_other_wetland__aboveground_biomass,CSC_COL127,Float
forestland_to_other_wetland__belowground_biomass,CSC_COL128,Float
forestland_to_other_wetland__dead_wood,CSC_COL129,Float
forestland_to_other_wetland__litter,CSC_COL130,Float
forestland_to_other_wetland__mineral_soil,CSC_COL131,Float
forestland_to_other_wetland__organic_soil,CSC_COL132,Float
cropland_to_other_wetland__aboveground_biomass,CSC_COL133,Float
cropland_to_other_wetland__belowground_biomass,CSC_COL134,Float
cropland_to_other_wetland__dead_wood,CSC_COL135,Float
cropland_to_other_wetland__litter,CSC_COL136,Float
cropland_to_other_wetland__mineral_soil,CSC_COL137,Float
cropland_to_other_wetland__organic_soil,CSC_COL138,Float
grassland_to_other_wetland__aboveground_biomass,CSC_COL139,Float
grassland_to_other_wetland__belowground_biomass,CSC_COL140,Float
grassland_to_other_wetland__dead_wood,CSC_COL141,Float
grassland_to_other_wetland__litter,CSC_COL142,Float
grassland_to_other_wetland__mineral_soil,CSC_COL143,Float
grassland_to_other_wetland__organic_soil,CSC_COL144,Float
forestland_to_settlement__aboveground_biomass,CSC_COL145,Float
forestland_to_settlement__belowground_biomass,CSC_COL146,Float
forestland_to_settlement__dead_wood,CSC_COL147,Float
forestland_to_settlement__litter,CSC_COL148,Float
forestland_to_settlement__mineral_soil,CSC_COL149,Float
forestland_to_settlement__organic_soil,CSC_COL150,Float
cropland_to_settlement__aboveground_biomass,CSC_COL151,Float
cropland_to_settlement__belowground_biomass,CSC_COL152,Float
cropland_to_settlement__dead_wood,CSC_COL153,Float
cropland_to_settlement__litter,CSC_COL154,Float
cropland_to_settlement__mineral_soil,CSC_COL155,Float
cropland_to_settlement__organic_soil,CSC_COL156,Float
grassland_to_settlement__aboveground_biomass,CSC_COL157,Float
grassland_to_settlement__belowground_biomass,CSC_COL158,Float
grassland_to_settlement__dead_wood,CSC_COL159,Float
grassland_to_settlement__litter,CSC_COL160,Float
grassland_to_settlement__mineral_soil,CSC_COL161,Float
grassland_to_settlement__organic_soil,CSC_COL162,Float
wetland_to_settlement__aboveground_biomass,CSC_COL163,Float
wetland_to_settlement__belowground_biomass,CSC_COL164,Float
wetland_to_settlement__dead_wood,CSC_COL165,Float
wetland_to_settlement__litter,CSC_COL166,Float
wetland_to_settlement__mineral_soil,CSC_COL167,Float
wetland_to_settlement__organic_soil,CSC_COL168,Float
otherland_to_settlement__aboveground_biomass,CSC_COL169,Float
otherland_to_settlement__belowground_biomass,CSC_COL170,Float
otherland_to_settlement__dead_wood,CSC_COL171,Float
otherland_to_settlement__litter,CSC_COL172,Float
otherland_to_settlement__mineral_soil,CSC_COL173,Float
otherland_to_settlement__organic_soil,CSC_COL174,Float
forestland_to_otherland__aboveground_biomass,CSC_COL175,Float
forestland_to_otherland__belowground_biomass,CSC_COL176,Float
forestland_to_otherland__dead_wood,CSC_COL177,Float
forestland_to_otherland__litter,CSC_COL178,Float
forestland_to_otherland__mineral_soil,CSC_COL179,Float
forestland_to_otherland__organic_soil,CSC_COL180,Float
cropland_to_otherland__aboveground_biomass,CSC_COL181,Float
cropland_to_otherland__belowground_biomass,CSC_COL182,Float
cropland_to_otherland__dead_wood,CSC_COL183,Float
cropland_to_otherland__litter,CSC_COL184,Float
cropland_to_otherland__mineral_soil,CSC_COL185,Float
cropland_to_otherland__organic_soil,CSC_COL186,Float
grassland_to_otherland__aboveground_biomass,CSC_COL187,Float
grassland_to_otherland__belowground_biomass,CSC_COL188,Float
grassland_to_otherland__dead_wood,CSC_COL189,Float
grassland_to_otherland__litter,CSC_COL190,Float
grassland_to_otherland__mineral_soil,CSC_COL191,Float
grassland_to_otherland__organic_soil,CSC_COL192,Float
wetland_to_otherland__aboveground_biomass,CSC_COL193,Float
wetland_to_otherland__belowground_biomass,CSC_COL194,Float
wetland_to_otherland__dead_wood,CSC_COL195,Float
wetland_to_otherland__litter,CSC_COL196,Float
wetland_to_otherland__mineral_soil,CSC_COL197,Float
wetland_to_otherland__organic_soil,CSC_COL198,Float
settlement_to_otherland__aboveground_biomass,CSC_COL199,Float
settlement_to_otherland__belowground_biomass,CSC_COL200,Float
settlement_to_otherland__dead_wood,CSC_COL201,Float
settlement_to_otherland__litter,CSC_COL202,Float
settlement_to_otherland__mineral_soil,CSC_COL203,Float
settlement_to_otherland__organic_soil,CSC_COL204,Float
forestland_remaining_forestland__aboveground_biomass,CSC_COL205,Float
forestland_remaining_forestland__belowground_biomass,CSC_COL206,Float
forestland_remaining_forestland__dead_wood,CSC_COL207,Float
forestland_remaining_forestland__litter,CSC_COL208,Float
forestland_remaining_forestland__mineral_soil,CSC_COL209,Float
forestland_remaining_forestland__organic_soil,CSC_COL210,Float
cropland_remaining_cropland__aboveground_biomass,CSC_COL211,Float
cropland_remaining_cropland__belowground_biomass,CSC_COL212,Float
cropland_remaining_cropland__dead_wood,CSC_COL213,Float
cropland_remaining_cropland__litter,CSC_COL214,Float
cropland_remaining_cropland__mineral_soil,CSC_COL215,Float
cropland_remaining_cropland__organic_soil,CSC_COL216,Float
grassland_remaining_grassland__aboveground_biomass,CSC_COL217,Float
grassland_remaining_grassland__belowground_biomass,CSC_COL218,Float
grassland_remaining_grassland__dead_wood,CSC_COL219,Float
grassland_remaining_grassland__litter,CSC_COL220,Float
grassland_remaining_grassland__mineral_soil,CSC_COL221,Float
grassland_remaining_grassland__organic_soil,CSC_COL222,Float
peat_extraction_remaining_peat_extraction__aboveground_biomass,CSC_COL223,Float
peat_extraction_remaining_peat_extraction__belowground_biomass,CSC_COL224,Float
peat_extraction_remaining_peat_extraction__dead_wood,CSC_COL225,Float
peat_extraction_remaining_peat_extraction__litter,CSC_COL226,Float
peat_extraction_remaining_peat_extraction__mineral_soil,CSC_COL227,Float
peat_extraction_remaining_peat_extraction__organic_soil,CSC_COL228,Float
wetland_remaining_wetland__aboveground_biomass,CSC_COL229,Float
wetland_remaining_wetland__belowground_biomass,CSC_COL230,Float
wetland_remaining_wetland__dead_wood,CSC_COL231,Float
wetland_remaining_wetland__litter,CSC_COL232,Float
wetland_remaining_wetland__mineral_soil,CSC_COL233,Float
wetland_remaining_wetland__organic_soil,CSC_COL234,Float
settlement_remaining_settlement__aboveground_biomass,CSC_COL235,Float
settlement_remaining_settlement__belowground_biomass,CSC_COL236,Float
settlement_remaining_settlement__dead_wood,CSC_COL237,Float
settlement_remaining_settlement__litter,CSC_COL238,Float
settlement_remaining_settlement__mineral_soil,CSC_COL239,Float
settlement_remaining_settlement__organic_soil,CSC_COL240,Float
emission_factor_for_energy_carrier__gas,BUI_COL1,Float
emission_factor_for_energy_carrier__oil,BUI_COL2,Float
emission_factor_for_energy_carrier__coal,BUI_COL3,Float
emission_factor_for_energy_carrier__peat,BUI_COL4,Float
emission_factor_for_energy_carrier__wood,BUI_COL5,Float
emission_factor_for_energy_carrier__renewable,BUI_COL6,Float
emission_factor_for_energy_carrier__district_heating,BUI_COL7,Float
annual_demolition_rate_of_residential_buildings__2021_30,BUI_COL8,Float
annual_demolition_rate_of_residential_buildings__2031_40,BUI_COL9,Float
annual_demolition_rate_of_residential_buildings__2041_50,BUI_COL10,Float
annual_demolition_of_commercial_buildings__2021_30,BUI_COL11,Float
annual_demolition_of_commercial_buildings__2031_40,BUI_COL12,Float
annual_demolition_of_commercial_buildings__2041_50,BUI_COL13,Float
annual_increase_a_class_apartments__2021_30,BUI_COL14,Float
annual_increase_a_class_apartments__2031_40,BUI_COL15,Float
annual_increase_a_class_apartments__2041_50,BUI_COL16,Float
annual_increase_b_class_apartments__2021_30,BUI_COL17,Float
annual_increase_b_class_apartments__2031_40,BUI_COL18,Float
annual_increase_b_class_apartments__2041_50,BUI_COL19,Float
annual_increase_a_class_terraced_units__2021_30,BUI_COL20,Float
annual_increase_a_class_terraced_units__2031_40,BUI_COL21,Float
annual_increase_a_class_terraced_units__2041_50,BUI_COL22,Float
annual_increase_b_class_terraced_units__2021_30,BUI_COL23,Float
annual_increase_b_class_terraced_units__2031_40,BUI_COL24,Float
annual_increase_b_class_terraced_units__2041_50,BUI_COL25,Float
annual_increase_a_class_semi_detached_units__2021_30,BUI_COL26,Float
annual_increase_a_class_semi_detached_units__2031_40,BUI_COL27,Float
annual_increase_a_class_semi_detached_units__2041_50,BUI_COL28,Float
annual_increase_b_class_semi_detached_units__2021_30,BUI_COL29,Float
annual_increase_b_class_semi_detached_units__2031_40,BUI_COL30,Float
annual_increase_b_class_semi_detached_units__2041_50,BUI_COL31,Float
annual_increase_a_class_detached_units__2021_30,BUI_COL32,Float
annual_increase_a_class_detached_units__2031_40,BUI_COL33,Float
annual_increase_a_class_detached_units__2041_50,BUI_COL34,Float
annual_increase_b_class_detached_units__2021_30,BUI_COL35,Float
annual_increase_b_class_detached_units__2031_40,BUI_COL36,Float
annual_increase_b_class_detached_units__2041_50,BUI_COL37,Float
annual_increase_commercial_buildings__2021_30,BUI_COL38,Float
annual_increase_commercial_buildings__2031_40,BUI_COL39,Float
annual_increase_commercial_buildings__2041_50,BUI_COL40,Float
floor_area_per_residential_unit__average,BUI_COL41,Float
floor_area_per_residential_unit__apartment,BUI_COL42,Float
floor_area_per_residential_unit__terraced,BUI_COL43,Float
floor_area_per_residential_unit__semi_detached,BUI_COL44,Float
floor_area_per_residential_unit__detached,BUI_COL45,Float
average_total_energy_use__all_residential,BUI_COL46,Float
end_use_of_energy_residential_buildings__space_heating,BUI_COL47,Float
end_use_of_energy_residential_buildings__water_heating,BUI_COL48,Float
end_use_of_energy_residential_buildings__lights_and_appliances,BUI_COL49,Float
end_use_of_energy_residential_buildings__pumps_and_fans,BUI_COL50,Float
a_rated_apartment__electricity,BUI_COL51,Float
a_rated_apartment__gas,BUI_COL52,Float
a_rated_apartment__oil,BUI_COL53,Float
a_rated_apartment__coal,BUI_COL54,Float
a_rated_apartment__peat,BUI_COL55,Float
a_rated_apartment__wood,BUI_COL56,Float
a_rated_apartment__renewable,BUI_COL57,Float
a_rated_apartment__heat,BUI_COL58,Float
a_rated_terraced__electricity,BUI_COL59,Float
a_rated_terraced__gas,BUI_COL60,Float
a_rated_terraced__oil,BUI_COL61,Float
a_rated_terraced__coal,BUI_COL62,Float
a_rated_terraced__peat,BUI_COL63,Float
a_rated_terraced__wood,BUI_COL64,Float
a_rated_terraced__renewable,BUI_COL65,Float
a_rated_terraced__heat,BUI_COL66,Float
a_rated_semi_detached__electricity,BUI_COL67,Float
a_rated_semi_detached__gas,BUI_COL68,Float
a_rated_semi_detached__oil,BUI_COL69,Float
a_rated_semi_detached__coal,BUI_COL70,Float
a_rated_semi_detached__peat,BUI_COL71,Float
a_rated_semi_detached__wood,BUI_COL72,Float
a_rated_semi_detached__renewable,BUI_COL73,Float
a_rated_semi_detached__heat,BUI_COL74,Float
a_rated_detached__electricity,BUI_COL75,Float
a_rated_detached__gas,BUI_COL76,Float
a_rated_detached__oil,BUI_COL77,Float
a_rated_detached__coal,BUI_COL78,Float
a_rated_detached__peat,BUI_COL79,Float
a_rated_detached__wood,BUI_COL80,Float
a_rated_detached__renewable,BUI_COL81,Float
a_rated_detached__heat,BUI_COL82,Float
b_rated_apartment__electricity,BUI_COL83,Float
b_rated_apartment__gas,BUI_COL84,Float
b_rated_apartment__oil,BUI_COL85,Float
b_rated_apartment__coal,BUI_COL86,Float
b_rated_apartment__peat,BUI_COL87,Float
b_rated_apartment__wood,BUI_COL88,Float
b_rated_apartment__renewable,BUI_COL89,Float
b_rated_apartment__heat,BUI_COL90,Float
b_rated_terraced__electricity,BUI_COL91,Float
b_rated_terraced__gas,BUI_COL92,Float
b_rated_terraced__oil,BUI_COL93,Float
b_rated_terraced__coal,BUI_COL94,Float
b_rated_terraced__peat,BUI_COL95,Float
b_rated_terraced__wood,BUI_COL96,Float
b_rated_terraced__renewable,BUI_COL97,Float
b_rated_terraced__heat,BUI_COL98,Float
b_rated_semi_detached__electricity,BUI_COL99,Float
b_rated_semi_detached__gas,BUI_COL100,Float
b_rated_semi_detached__oil,BUI_COL101,Float
b_rated_semi_detached__coal,BUI_COL102,Float
b_rated_semi_detached__peat,BUI_COL103,Float
b_rated_semi_detached__wood,BUI_COL104,Float
b_rated_semi_detached__renewable,BUI_COL105,Float
b_rated_semi_detached__heat,BUI_COL106,Float
b_rated_detached__electricity,BUI_COL107,Float
b_rated_detached__gas,BUI_COL108,Float
b_rated_detached__oil,BUI_COL109,Float
b_rated_detached__coal,BUI_COL110,Float
b_rated_detached__peat,BUI_COL111,Float
b_rated_detached__wood,BUI_COL112,Float
b_rated_detached__renewable,BUI_COL113,Float
b_rated_detached__heat,BUI_COL114,Float
c_rated_apartment__electricity,BUI_COL115,Float
c_rated_apartment__gas,BUI_COL116,Float
c_rated_apartment__oil,BUI_COL117,Float
c_rated_apartment__coal,BUI_COL118,Float
c_rated_apartment__peat,BUI_COL119,Float
c_rated_apartment__wood,BUI_COL120,Float
c_rated_apartment__renewable,BUI_COL121,Float
c_rated_apartment__heat,BUI_COL122,Float
c_rated_terraced__electricity,BUI_COL123,Float
c_rated_terraced__gas,BUI_COL124,Float
c_rated_terraced__oil,BUI_COL125,Float
c_rated_terraced__coal,BUI_COL126,Float
c_rated_terraced__peat,BUI_COL127,Float
c_rated_terraced__wood,BUI_COL128,Float
c_rated_terraced__renewable,BUI_COL129,Float
c_rated_terraced__heat,BUI_COL130,Float
c_rated_semi_detached__electricity,BUI_COL131,Float
c_rated_semi_detached__gas,BUI_COL132,Float
c_rated_semi_detached__oil,BUI_COL133,Float
c_rated_semi_detached__coal,BUI_COL134,Float
c_rated_semi_detached__peat,BUI_COL135,Float
c_rated_semi_detached__wood,BUI_COL136,Float
c_rated_semi_detached__renewable,BUI_COL137,Float
c_rated_semi_detached__heat,BUI_COL138,Float
c_rated_detached__electricity,BUI_COL139,Float
c_rated_detached__gas,BUI_COL140,Float
c_rated_detached__oil,BUI_COL141,Float
c_rated_detached__coal,BUI_COL142,Float
c_rated_detached__peat,BUI_COL143,Float
c_rated_detached__wood,BUI_COL144,Float
c_rated_detached__renewable,BUI_COL145,Float
c_rated_detached__heat,BUI_COL146,Float
d_rated_apartment__electricity,BUI_COL147,Float
d_rated_apartment__gas,BUI_COL148,Float
d_rated_apartment__oil,BUI_COL149,Float
d_rated_apartment__coal,BUI_COL150,Float
d_rated_apartment__peat,BUI_COL151,Float
d_rated_apartment__wood,BUI_COL152,Float
d_rated_apartment__renewable,BUI_COL153,Float
d_rated_apartment__heat,BUI_COL154,Float
d_rated_terraced__electricity,BUI_COL155,Float
d_rated_terraced__gas,BUI_COL156,Float
d_rated_terraced__oil,BUI_COL157,Float
d_rated_terraced__coal,BUI_COL158,Float
d_rated_terraced__peat,BUI_COL159,Float
d_rated_terraced__wood,BUI_COL160,Float
d_rated_terraced__renewable,BUI_COL161,Float
d_rated_terraced__heat,BUI_COL162,Float
d_rated_semi_detached__electricity,BUI_COL163,Float
d_rated_semi_detached__gas,BUI_COL164,Float
d_rated_semi_detached__oil,BUI_COL165,Float
d_rated_semi_detached__coal,BUI_COL166,Float
d_rated_semi_detached__peat,BUI_COL167,Float
d_rated_semi_detached__wood,BUI_COL168,Float
d_rated_semi_detached__renewable,BUI_COL169,Float
d_rated_semi_detached__heat,BUI_COL170,Float
d_rated_detached__electricity,BUI_COL171,Float
d_rated_detached__gas,BUI_COL172,Float
d_rated_detached__oil,BUI_COL173,Float
d_rated_detached__coal,BUI_COL174,Float
d_rated_detached__peat,BUI_COL175,Float
d_rated_detached__wood,BUI_COL176,Float
d_rated_detached__renewable,BUI_COL177,Float
d_rated_detached__heat,BUI_COL178,Float
e_rated_apartment__electricity,BUI_COL179,Float
e_rated_apartment__gas,BUI_COL180,Float
e_rated_apartment__oil,BUI_COL181,Float
e_rated_apartment__coal,BUI_COL182,Float
e_rated_apartment__peat,BUI_COL183,Float
e_rated_apartment__wood,BUI_COL184,Float
e_rated_apartment__renewable,BUI_COL185,Float
e_rated_apartment__heat,BUI_COL186,Float
e_rated_terraced__electricity,BUI_COL187,Float
e_rated_terraced__gas,BUI_COL188,Float
e_rated_terraced__oil,BUI_COL189,Float
e_rated_terraced__coal,BUI_COL190,Float
e_rated_terraced__peat,BUI_COL191,Float
e_rated_terraced__wood,BUI_COL192,Float
e_rated_terraced__renewable,BUI_COL193,Float
e_rated_terraced__heat,BUI_COL194,Float
e_rated_semi_detached__electricity,BUI_COL195,Float
e_rated_semi_detached__gas,BUI_COL196,Float
e_rated_semi_detached__oil,BUI_COL197,Float
e_rated_semi_detached__coal,BUI_COL198,Float
e_rated_semi_detached__peat,BUI_COL199,Float
e_rated_semi_detached__wood,BUI_COL200,Float
e_rated_semi_detached__renewable,BUI_COL201,Float
e_rated_semi_detached__heat,BUI_COL202,Float
e_rated_detached__electricity,BUI_COL203,Float
e_rated_detached__gas,BUI_COL204,Float
e_rated_detached__oil,BUI_COL205,Float
e_rated_detached__coal,BUI_COL206,Float
e_rated_detached__peat,BUI_COL207,Float
e_rated_detached__wood,BUI_COL208,Float
e_rated_detached__renewable,BUI_COL209,Float
e_rated_detached__heat,BUI_COL210,Float
f_rated_apartment__electricity,BUI_COL211,Float
f_rated_apartment__gas,BUI_COL212,Float
f_rated_apartment__oil,BUI_COL213,Float
f_rated_apartment__coal,BUI_COL214,Float
f_rated_apartment__peat,BUI_COL215,Float
f_rated_apartment__wood,BUI_COL216,Float
f_rated_apartment__renewable,BUI_COL217,Float
f_rated_apartment__heat,BUI_COL218,Float
f_rated_terraced__electricity,BUI_COL219,Float
f_rated_terraced__gas,BUI_COL220,Float
f_rated_terraced__oil,BUI_COL221,Float
f_rated_terraced__coal,BUI_COL222,Float
f_rated_terraced__peat,BUI_COL223,Float
f_rated_terraced__wood,BUI_COL224,Float
f_rated_terraced__renewable,BUI_COL225,Float
f_rated_terraced__heat,BUI_COL226,Float
f_rated_semi_detached__electricity,BUI_COL227,Float
f_rated_semi_detached__gas,BUI_COL228,Float
f_rated_semi_detached__oil,BUI_COL229,Float
f_rated_semi_detached__coal,BUI_COL230,Float
f_rated_semi_detached__peat,BUI_COL231,Float
f_rated_semi_detached__wood,BUI_COL232,Float
f_rated_semi_detached__renewable,BUI_COL233,Float
f_rated_semi_detached__heat,BUI_COL234,Float
f_rated_detached__electricity,BUI_COL235,Float
f_rated_detached__gas,BUI_COL236,Float
f_rated_detached__oil,BUI_COL237,Float
f_rated_detached__coal,BUI_COL238,Float
f_rated_detached__peat,BUI_COL239,Float
f_rated_detached__wood,BUI_COL240,Float
f_rated_detached__renewable,BUI_COL241,Float
f_rated_detached__heat,BUI_COL242,Float
g_rated_apartment__electricity,BUI_COL243,Float
g_rated_apartment__gas,BUI_COL244,Float
g_rated_apartment__oil,BUI_COL245,Float
g_rated_apartment__coal,BUI_COL246,Float
g_rated_apartment__peat,BUI_COL247,Float
g_rated_apartment__wood,BUI_COL248,Float
g_rated_apartment__renewable,BUI_COL249,Float
g_rated_apartment__heat,BUI_COL250,Float
g_rated_terraced__electricity,BUI_COL251,Float
g_rated_terraced__gas,BUI_COL252,Float
g_rated_terraced__oil,BUI_COL253,Float
g_rated_terraced__coal,BUI_COL254,Float
g_rated_terraced__peat,BUI_COL255,Float
g_rated_terraced__wood,BUI_COL256,Float
g_rated_terraced__renewable,BUI_COL257,Float
g_rated_terraced__heat,BUI_COL258,Float
g_rated_semi_detached__electricity,BUI_COL259,Float
g_rated_semi_detached__gas,BUI_COL260,Float
g_rated_semi_detached__oil,BUI_COL261,Float
g_rated_semi_detached__coal,BUI_COL262,Float
g_rated_semi_detached__peat,BUI_COL263,Float
g_rated_semi_detached__wood,BUI_COL264,Float
g_rated_semi_detached__renewable,BUI_COL265,Float
g_rated_semi_detached__heat,BUI_COL266,Float
g_rated_detached__electricity,BUI_COL267,Float
g_rated_detached__gas,BUI_COL268,Float
g_rated_detached__oil,BUI_COL269,Float
g_rated_detached__coal,BUI_COL270,Float
g_rated_detached__peat,BUI_COL271,Float
g_rated_detached__wood,BUI_COL272,Float
g_rated_detached__renewable,BUI_COL273,Float
g_rated_detached__heat,BUI_COL274,Float
existing_apartments__electricity,BUI_COL275,Float
existing_apartments__gas,BUI_COL276,Float
existing_apartments__oil,BUI_COL277,Float
existing_apartments__coal,BUI_COL278,Float
existing_apartments__peat,BUI_COL279,Float
existing_apartments__wood,BUI_COL280,Float
existing_apartments__renewable,BUI_COL281,Float
existing_apartments__heat,BUI_COL282,Float
existing_terraced__electricity,BUI_COL283,Float
existing_terraced__gas,BUI_COL284,Float
existing_terraced__oil,BUI_COL285,Float
existing_terraced__coal,BUI_COL286,Float
existing_terraced__peat,BUI_COL287,Float
existing_terraced__wood,BUI_COL288,Float
existing_terraced__renewable,BUI_COL289,Float
existing_terraced__heat,BUI_COL290,Float
existing_semi_detached__electricity,BUI_COL291,Float
existing_semi_detached__gas,BUI_COL292,Float
existing_semi_detached__oil,BUI_COL293,Float
existing_semi_detached__coal,BUI_COL294,Float
existing_semi_detached__peat,BUI_COL295,Float
existing_semi_detached__wood,BUI_COL296,Float
existing_semi_detached__renewable,BUI_COL297,Float
existing_semi_detached__heat,BUI_COL298,Float
existing_detached__electricity,BUI_COL299,Float
existing_detached__gas,BUI_COL300,Float
existing_detached__oil,BUI_COL301,Float
existing_detached__coal,BUI_COL302,Float
existing_detached__peat,BUI_COL303,Float
existing_detached__wood,BUI_COL304,Float
existing_detached__renewable,BUI_COL305,Float
existing_detached__heat,BUI_COL306,Float
ec_exiting_building_retail__electricity,BUI_COL307,Float
ec_exiting_building_retail__gas,BUI_COL308,Float
ec_exiting_building_retail__oil,BUI_COL309,Float
ec_exiting_building_retail__coal,BUI_COL310,Float
ec_exiting_building_retail__peat,BUI_COL311,Float
ec_exiting_building_retail__wood,BUI_COL312,Float
ec_exiting_building_retail__renewable,BUI_COL313,Float
ec_exiting_building_retail__heat,BUI_COL314,Float
ec_exiting_building_health__electricity,BUI_COL315,Float
ec_exiting_building_health__gas,BUI_COL316,Float
ec_exiting_building_health__oil,BUI_COL317,Float
ec_exiting_building_health__coal,BUI_COL318,Float
ec_exiting_building_health__peat,BUI_COL319,Float
ec_exiting_building_health__wood,BUI_COL320,Float
ec_exiting_building_health__renewable,BUI_COL321,Float
ec_exiting_building_health__heat,BUI_COL322,Float
ec_exiting_building_hospitality__electricity,BUI_COL323,Float
ec_exiting_building_hospitality__gas,BUI_COL324,Float
ec_exiting_building_hospitality__oil,BUI_COL325,Float
ec_exiting_building_hospitality__coal,BUI_COL326,Float
ec_exiting_building_hospitality__peat,BUI_COL327,Float
ec_exiting_building_hospitality__wood,BUI_COL328,Float
ec_exiting_building_hospitality__renewable,BUI_COL329,Float
ec_exiting_building_hospitality__heat,BUI_COL330,Float
ec_exiting_building_offices__electricity,BUI_COL331,Float
ec_exiting_building_offices__gas,BUI_COL332,Float
ec_exiting_building_offices__oil,BUI_COL333,Float
ec_exiting_building_offices__coal,BUI_COL334,Float
ec_exiting_building_offices__peat,BUI_COL335,Float
ec_exiting_building_offices__wood,BUI_COL336,Float
ec_exiting_building_offices__renewable,BUI_COL337,Float
ec_exiting_building_offices__heat,BUI_COL338,Float
ec_exiting_building_industrial__electricity,BUI_COL339,Float
ec_exiting_building_industrial__gas,BUI_COL340,Float
ec_exiting_building_industrial__oil,BUI_COL341,Float
ec_exiting_building_industrial__coal,BUI_COL342,Float
ec_exiting_building_industrial__peat,BUI_COL343,Float
ec_exiting_building_industrial__wood,BUI_COL344,Float
ec_exiting_building_industrial__renewable,BUI_COL345,Float
ec_exiting_building_industrial__heat,BUI_COL346,Float
ec_exiting_building_warehouses__electricity,BUI_COL347,Float
ec_exiting_building_warehouses__gas,BUI_COL348,Float
ec_exiting_building_warehouses__oil,BUI_COL349,Float
ec_exiting_building_warehouses__coal,BUI_COL350,Float
ec_exiting_building_warehouses__peat,BUI_COL351,Float
ec_exiting_building_warehouses__wood,BUI_COL352,Float
ec_exiting_building_warehouses__renewable,BUI_COL353,Float
ec_exiting_building_warehouses__heat,BUI_COL354,Float
building_type__residential_1,BUI_COL355,String
building_type__residential_2,BUI_COL356,String
building_type__residential_3,BUI_COL357,String
building_type__residential_4,BUI_COL358,String
building_type__commercial_1,BUI_COL359,String
building_type__commercial_2,BUI_COL360,String
building_type__commercial_3,BUI_COL361,String
building_type__commercial_4,BUI_COL362,String
building_type__commercial_5,BUI_COL363,String
building_type__commercial_6,BUI_COL364,String
ec_new_building_retail__electricity,BUI_COL365,Float
ec_new_building_retail__gas,BUI_COL366,Float
ec_new_building_retail__oil,BUI_COL367,Float
ec_new_building_retail__coal,BUI_COL368,Float
ec_new_building_retail__peat,BUI_COL369,Float
ec_new_building_retail__wood,BUI_COL370,Float
ec_new_building_retail__renewable,BUI_COL371,Float
ec_new_building_retail__heat,BUI_COL372,Float
ec_new_building_health__electricity,BUI_COL373,Float
ec_new_building_health__gas,BUI_COL374,Float
ec_new_building_health__oil,BUI_COL375,Float
ec_new_building_health__coal,BUI_COL376,Float
ec_new_building_health__peat,BUI_COL377,Float
ec_new_building_health__wood,BUI_COL378,Float
ec_new_building_health__renewable,BUI_COL379,Float
ec_new_building_health__heat,BUI_COL380,Float
ec_new_building_hospitality__electricity,BUI_COL381,Float
ec_new_building_hospitality__gas,BUI_COL382,Float
ec_new_building_hospitality__oil,BUI_COL383,Float
ec_new_building_hospitality__coal,BUI_COL384,Float
ec_new_building_hospitality__peat,BUI_COL385,Float
ec_new_building_hospitality__wood,BUI_COL386,Float
ec_new_building_hospitality__renewable,BUI_COL387,Float
ec_new_building_hospitality__heat,BUI_COL388,Float
ec_new_building_offices__electricity,BUI_COL389,Float
ec_new_building_offices__gas,BUI_COL390,Float
ec_new_building_offices__oil,BUI_COL391,Float
ec_new_building_offices__coal,BUI_COL392,Float
ec_new_building_offices__peat,BUI_COL393,Float
ec_new_building_offices__wood,BUI_COL394,Float
ec_new_building_offices__renewable,BUI_COL395,Float
ec_new_building_offices__heat,BUI_COL396,Float
ec_new_building_industrial__electricity,BUI_COL397,Float
ec_new_building_industrial__gas,BUI_COL398,Float
ec_new_building_industrial__oil,BUI_COL399,Float
ec_new_building_industrial__coal,BUI_COL400,Float
ec_new_building_industrial__peat,BUI_COL401,Float
ec_new_building_industrial__wood,BUI_COL402,Float
ec_new_building_industrial__renewable,BUI_COL403,Float
ec_new_building_industrial__heat,BUI_COL404,Float
ec_new_building_warehouses__electricity,BUI_COL405,Float
ec_new_building_warehouses__gas,BUI_COL406,Float
ec_new_building_warehouses__oil,BUI_COL407,Float
ec_new_building_warehouses__coal,BUI_COL408,Float
ec_new_building_warehouses__peat,BUI_COL409,Float
ec_new_building_warehouses__wood,BUI_COL410,Float
ec_new_building_warehouses__renewable,BUI_COL411,Float
ec_new_building_warehouses__heat,BUI_COL412,Float
