local dataset name,factor_name,value
DEMO Tallinn,creator,
DEMO Tallinn,year_data,2022
DEMO Tallinn,description,
DEMO Tallinn,annual_change_population--2021-30,-0.6
DEMO Tallinn,annual_change_population--2031-40,-0.3
DEMO Tallinn,annual_change_population--2041-50,-0.3
DEMO Tallinn,grid_electricity_emission_factor,710.8761515
DEMO Tallinn,annual_change_grid_electricity_ef--2021-30,-1.3
DEMO Tallinn,annual_change_grid_electricity_ef--2031-40,-6.1
DEMO Tallinn,annual_change_grid_electricity_ef--2041-50,-6.1
DEMO Tallinn,district_heating_emission_factor,350
DEMO Tallinn,annual_change_district_heating_ef--2021-30,0
DEMO Tallinn,annual_change_district_heating_ef--2031-40,0
DEMO Tallinn,annual_change_district_heating_ef--2041-50,0
DEMO Tallinn,passenger-km_per_capita_bus,2171.666785
DEMO Tallinn,occupancy_rate_bus,12
DEMO Tallinn,annual_change_bus--2020-30,0.54
DEMO Tallinn,annual_change_bus--2030-40,0.3
DEMO Tallinn,annual_change_bus--2040-50,0.3
DEMO Tallinn,propulsion_share_bus--petrol,4.2
DEMO Tallinn,propulsion_share_bus--lpg,0
DEMO Tallinn,propulsion_share_bus--diesel,92.4
DEMO Tallinn,propulsion_share_bus--cng,3.4
DEMO Tallinn,propulsion_share_bus--electricity,0
DEMO Tallinn,cf_bus--metropolitan,1
DEMO Tallinn,cf_bus--city,1
DEMO Tallinn,cf_bus--suburban,1
DEMO Tallinn,cf_bus--town,1
DEMO Tallinn,cf_bus--rural,1
DEMO Tallinn,ef_street_driving_bus--petrol,433.019222
DEMO Tallinn,ef_street_driving_bus--lpg,470.6730674
DEMO Tallinn,ef_street_driving_bus--diesel,433.3722268
DEMO Tallinn,ef_street_driving_bus--cng,649.05816
DEMO Tallinn,electricity_consumption_street_driving_bus--electricity,0.822094841
DEMO Tallinn,ef_road_driving_bus--petrol,261.9160062
DEMO Tallinn,ef_road_driving_bus--lpg,284.6913111
DEMO Tallinn,ef_road_driving_bus--diesel,262.1295247
DEMO Tallinn,ef_road_driving_bus--cng,392.589318
DEMO Tallinn,electricity_consumption_road_driving_bus--electricity,0.967170401
DEMO Tallinn,share_of_electric_buses--2020,0.2
DEMO Tallinn,share_of_electric_buses--2025,0.3
DEMO Tallinn,share_of_electric_buses--2030,0.6
DEMO Tallinn,share_of_electric_buses--2035,1
DEMO Tallinn,share_of_electric_buses--2040,1.2
DEMO Tallinn,share_of_electric_buses--2045,1.5
DEMO Tallinn,share_of_electric_buses--2050,1.7
DEMO Tallinn,share_road_driving_buses--metropolitan_center,0
DEMO Tallinn,share_road_driving_buses--urban,10
DEMO Tallinn,share_road_driving_buses--suburban,20
DEMO Tallinn,share_road_driving_buses--town,70
DEMO Tallinn,share_road_driving_buses--rural,100
DEMO Tallinn,passenger-km_per_capita_car,10221.45991
DEMO Tallinn,occupancy_rate_car,1.45
DEMO Tallinn,annual_change_car--2021-30,0
DEMO Tallinn,annual_change_car--2031-40,0
DEMO Tallinn,annual_change_car--2041-50,0
DEMO Tallinn,ef_petrol_car,0
DEMO Tallinn,ef_diesel_car,0
DEMO Tallinn,propulsion_share_car--lpg,0.000376112
DEMO Tallinn,propulsion_share_car--cng,0.16599071
DEMO Tallinn,propulsion_share_car--ngv,0.339629028
DEMO Tallinn,propulsion_share_car--petrol,58.7093094
DEMO Tallinn,propulsion_share_car--hybrid_electric-petrol,1.122317852
DEMO Tallinn,propulsion_share_car--petrol_phev,0
DEMO Tallinn,propulsion_share_car--diesel,39.43332477
DEMO Tallinn,propulsion_share_car--hybrid_electric-diesel,0.055789929
DEMO Tallinn,propulsion_share_car--diesel_phev,0
DEMO Tallinn,propulsion_share_car--hydrogen_fuel-cell,0
DEMO Tallinn,propulsion_share_car--bioethanol,0
DEMO Tallinn,propulsion_share_car--biodiesel,0
DEMO Tallinn,propulsion_share_car--bi-fuel,0
DEMO Tallinn,propulsion_share_car--other,0
DEMO Tallinn,propulsion_share_car--bev,0.173262206
DEMO Tallinn,ef_street_driving_car--lpg,261.13476
DEMO Tallinn,ef_street_driving_car--cng,96.5
DEMO Tallinn,ef_street_driving_car--ngv,63.216
DEMO Tallinn,ef_street_driving_car--petrol,233.3594949
DEMO Tallinn,ef_street_driving_car--hybrid_electric-petrol,157.40784
DEMO Tallinn,ef_street_driving_car--petrol_phev,0
DEMO Tallinn,ef_street_driving_car--diesel,256.2080801
DEMO Tallinn,ef_street_driving_car--hybrid_electric-diesel,165.17664
DEMO Tallinn,ef_street_driving_car--diesel_phev,0
DEMO Tallinn,ef_street_driving_car--hydrogen_fuel-cell,0
DEMO Tallinn,ef_street_driving_car--bioethanol,6.585
DEMO Tallinn,ef_street_driving_car--biodiesel,1.317
DEMO Tallinn,ef_street_driving_car--bi-fuel,38
DEMO Tallinn,ef_street_driving_car--other,225.83916
DEMO Tallinn,ef_street_driving_car--bev,0.2
DEMO Tallinn,ef_road_driving_car--lpg,175.08124
DEMO Tallinn,ef_road_driving_car--cng,60.4
DEMO Tallinn,ef_road_driving_car--ngv,42.384
DEMO Tallinn,ef_road_driving_car--petrol,156.4589476
DEMO Tallinn,ef_road_driving_car--hybrid_electric-petrol,105.53616
DEMO Tallinn,ef_road_driving_car--petrol_phev,0
DEMO Tallinn,ef_road_driving_car--diesel,159.2494507
DEMO Tallinn,ef_road_driving_car--hybrid_electric-diesel,102.66768
DEMO Tallinn,ef_road_driving_car--diesel_phev,0
DEMO Tallinn,ef_road_driving_car--hydrogen_fuel-cell,0
DEMO Tallinn,ef_road_driving_car--bioethanol,4.415
DEMO Tallinn,ef_road_driving_car--biodiesel,0.883
DEMO Tallinn,ef_road_driving_car--bi-fuel,27
DEMO Tallinn,ef_road_driving_car--other,151.41684
DEMO Tallinn,ef_road_driving_car--bev,0.2
DEMO Tallinn,cf_car--metropolitan,1
DEMO Tallinn,cf_car--city,1
DEMO Tallinn,cf_car--suburban,1
DEMO Tallinn,cf_car--town,1
DEMO Tallinn,cf_car--rural,1
DEMO Tallinn,share_road_driving_car--metropolitan_center,0
DEMO Tallinn,share_road_driving_car--urban,10
DEMO Tallinn,share_road_driving_car--suburban,20
DEMO Tallinn,share_road_driving_car--town,70
DEMO Tallinn,share_road_driving_car--rural,100
DEMO Tallinn,passenger-km_per_capita_metro,0
DEMO Tallinn,occupancy_rate_metro,18
DEMO Tallinn,electricity_consumption_metro,12
DEMO Tallinn,annual_change_metro--2021-30,0
DEMO Tallinn,annual_change_metro--2031-40,0
DEMO Tallinn,annual_change_metro--2041-50,0
DEMO Tallinn,metro--1,no metro
DEMO Tallinn,metro--2,-
DEMO Tallinn,metro--3,-
DEMO Tallinn,metro--4,-
DEMO Tallinn,metro--5,-
DEMO Tallinn,metro--6,-
DEMO Tallinn,metro--7,-
DEMO Tallinn,transport_activity_metro--pkm/a,0
DEMO Tallinn,transport_activity_metro--metro_2,0
DEMO Tallinn,transport_activity_metro--metro_3,0
DEMO Tallinn,transport_activity_metro--metro_4,0
DEMO Tallinn,transport_activity_metro--metro_5,0
DEMO Tallinn,transport_activity_metro--metro_6,0
DEMO Tallinn,transport_activity_metro--metro_7,0
DEMO Tallinn,passenger-km_per_capita_tram,0.0684681
DEMO Tallinn,occupancy_rate_tram,18
DEMO Tallinn,electricity_consumption_tram,5
DEMO Tallinn,annual_change_tram--2021-30,0
DEMO Tallinn,annual_change_tram--2031-40,0
DEMO Tallinn,annual_change_tram--2041-50,0
DEMO Tallinn,tram--1,Tallinn
DEMO Tallinn,tram--2,-
DEMO Tallinn,tram--3,-
DEMO Tallinn,tram--4,-
DEMO Tallinn,tram--5,-
DEMO Tallinn,tram--6,-
DEMO Tallinn,tram--7,-
DEMO Tallinn,tram--8,-
DEMO Tallinn,tram--9,-
DEMO Tallinn,tram--10,-
DEMO Tallinn,tram--11,-
DEMO Tallinn,tram--12,-
DEMO Tallinn,tram--13,-
DEMO Tallinn,tram--14,-
DEMO Tallinn,tram--15,-
DEMO Tallinn,tram--16,-
DEMO Tallinn,tram--17,-
DEMO Tallinn,tram--18,-
DEMO Tallinn,tram--19,-
DEMO Tallinn,tram--20,-
DEMO Tallinn,tram--21,-
DEMO Tallinn,tram--22,-
DEMO Tallinn,tram--23,-
DEMO Tallinn,tram--24,-
DEMO Tallinn,tram--25,-
DEMO Tallinn,tram--26,-
DEMO Tallinn,tram--27,-
DEMO Tallinn,tram--28,-
DEMO Tallinn,tram--29,-
DEMO Tallinn,tram--30,-
DEMO Tallinn,tram--31,-
DEMO Tallinn,tram--32,-
DEMO Tallinn,tram--33,-
DEMO Tallinn,tram--34,-
DEMO Tallinn,tram--35,-
DEMO Tallinn,tram--36,-
DEMO Tallinn,tram--37,-
DEMO Tallinn,tram--38,-
DEMO Tallinn,tram--39,-
DEMO Tallinn,tram--40,-
DEMO Tallinn,tram--41,-
DEMO Tallinn,tram--42,-
DEMO Tallinn,tram--43,-
DEMO Tallinn,tram--44,-
DEMO Tallinn,tram--45,-
DEMO Tallinn,tram--46,-
DEMO Tallinn,tram--47,-
DEMO Tallinn,tram--48,-
DEMO Tallinn,tram--49,-
DEMO Tallinn,tram--50,-
DEMO Tallinn,tram--51,-
DEMO Tallinn,tram--52,-
DEMO Tallinn,tram--53,-
DEMO Tallinn,tram--54,-
DEMO Tallinn,tram--55,-
DEMO Tallinn,tram--56,-
DEMO Tallinn,tram--57,-
DEMO Tallinn,tram--58,-
DEMO Tallinn,transport_activity_tram--tram_1,68.4681
DEMO Tallinn,transport_activity_tram--tram_2,0
DEMO Tallinn,transport_activity_tram--tram_3,0
DEMO Tallinn,transport_activity_tram--tram_4,0
DEMO Tallinn,transport_activity_tram--tram_5,0
DEMO Tallinn,transport_activity_tram--tram_6,0
DEMO Tallinn,transport_activity_tram--tram_7,0
DEMO Tallinn,transport_activity_tram--tram_8,0
DEMO Tallinn,transport_activity_tram--tram_9,0
DEMO Tallinn,transport_activity_tram--tram_10,0
DEMO Tallinn,transport_activity_tram--tram_11,0
DEMO Tallinn,transport_activity_tram--tram_12,0
DEMO Tallinn,transport_activity_tram--tram_13,0
DEMO Tallinn,transport_activity_tram--tram_14,0
DEMO Tallinn,transport_activity_tram--tram_15,0
DEMO Tallinn,transport_activity_tram--tram_16,0
DEMO Tallinn,transport_activity_tram--tram_17,0
DEMO Tallinn,transport_activity_tram--tram_18,0
DEMO Tallinn,transport_activity_tram--tram_19,0
DEMO Tallinn,transport_activity_tram--tram_20,0
DEMO Tallinn,transport_activity_tram--tram_21,0
DEMO Tallinn,transport_activity_tram--tram_22,0
DEMO Tallinn,transport_activity_tram--tram_23,0
DEMO Tallinn,transport_activity_tram--tram_24,0
DEMO Tallinn,transport_activity_tram--tram_25,0
DEMO Tallinn,transport_activity_tram--tram_26,0
DEMO Tallinn,transport_activity_tram--tram_27,0
DEMO Tallinn,transport_activity_tram--tram_28,0
DEMO Tallinn,transport_activity_tram--tram_29,0
DEMO Tallinn,transport_activity_tram--tram_30,0
DEMO Tallinn,transport_activity_tram--tram_31,0
DEMO Tallinn,transport_activity_tram--tram_32,0
DEMO Tallinn,transport_activity_tram--tram_33,0
DEMO Tallinn,transport_activity_tram--tram_34,0
DEMO Tallinn,transport_activity_tram--tram_35,0
DEMO Tallinn,transport_activity_tram--tram_36,0
DEMO Tallinn,transport_activity_tram--tram_37,0
DEMO Tallinn,transport_activity_tram--tram_38,0
DEMO Tallinn,transport_activity_tram--tram_39,0
DEMO Tallinn,transport_activity_tram--tram_40,0
DEMO Tallinn,transport_activity_tram--tram_41,0
DEMO Tallinn,transport_activity_tram--tram_42,0
DEMO Tallinn,transport_activity_tram--tram_43,0
DEMO Tallinn,transport_activity_tram--tram_44,0
DEMO Tallinn,transport_activity_tram--tram_45,0
DEMO Tallinn,transport_activity_tram--tram_46,0
DEMO Tallinn,transport_activity_tram--tram_47,0
DEMO Tallinn,transport_activity_tram--tram_48,0
DEMO Tallinn,transport_activity_tram--tram_49,0
DEMO Tallinn,transport_activity_tram--tram_50,0
DEMO Tallinn,transport_activity_tram--tram_51,0
DEMO Tallinn,transport_activity_tram--tram_52,0
DEMO Tallinn,transport_activity_tram--tram_53,0
DEMO Tallinn,transport_activity_tram--tram_54,0
DEMO Tallinn,transport_activity_tram--tram_55,0
DEMO Tallinn,transport_activity_tram--tram_56,0
DEMO Tallinn,transport_activity_tram--tram_57,0
DEMO Tallinn,transport_activity_tram--tram_58,0
DEMO Tallinn,passenger-km_per_capita_train,313.5178051
DEMO Tallinn,occupancy_rate_train,179.9
DEMO Tallinn,ef_diesel_train,2647.08
DEMO Tallinn,energy_consumption_electric_train,12.64
DEMO Tallinn,share_of_electric_engines,50
DEMO Tallinn,annual_change_passenger_train--2021-30,0
DEMO Tallinn,annual_change_passenger_train--2031-40,0
DEMO Tallinn,annual_change_passenger_train--2041-50,0
DEMO Tallinn,cf_passenger_train--metropolitan,1
DEMO Tallinn,cf_passenger_train--city,1
DEMO Tallinn,cf_passenger_train--suburban,1
DEMO Tallinn,cf_passenger_train--town,1
DEMO Tallinn,cf_passenger_train--rural,1
DEMO Tallinn,vehicle-km_per_capita_rail_freight,117.2849631
DEMO Tallinn,ef_diesel_rail_freight,2647.08
DEMO Tallinn,energy_consumption_electric_rail_freight,12.64
DEMO Tallinn,share_of_electric_engines_rail_freight,50
DEMO Tallinn,annual_change_rail_freight--2021-30,0
DEMO Tallinn,annual_change_rail_freight--2031-40,0
DEMO Tallinn,annual_change_rail_freight--2041-50,0
DEMO Tallinn,cf_rail_freight--metropolitan,1
DEMO Tallinn,cf_rail_freight--city,1
DEMO Tallinn,cf_rail_freight--suburban,1
DEMO Tallinn,cf_rail_freight--town,1
DEMO Tallinn,cf_rail_freight--rural,1
DEMO Tallinn,average_load_rail_freight,2000
DEMO Tallinn,vehicle-km_per_capita_road_freight,1000
DEMO Tallinn,road_transport_emission_factor,0
DEMO Tallinn,annual_change_road_freight--2021-30,0
DEMO Tallinn,annual_change_road_freight--2031-40,0
DEMO Tallinn,annual_change_road_freight--2041-50,0
DEMO Tallinn,cf_road_freight--metropolitan,1
DEMO Tallinn,cf_road_freight--city,1
DEMO Tallinn,cf_road_freight--suburban,1
DEMO Tallinn,cf_road_freight--town,1
DEMO Tallinn,cf_road_freight--rural,1
DEMO Tallinn,propulsion_share_road_freight--petrol_including_hybrids,0
DEMO Tallinn,propulsion_share_road_freight--lpg,84.13637365
DEMO Tallinn,propulsion_share_road_freight--diesel_including_hybrids,0
DEMO Tallinn,propulsion_share_road_freight--natural_gas,0.023132849
DEMO Tallinn,propulsion_share_road_freight--electricity,0.371227143
DEMO Tallinn,propulsion_share_road_freight--alternative_energy,0
DEMO Tallinn,propulsion_share_road_freight--bioethanol,0
DEMO Tallinn,propulsion_share_road_freight--biodiesel,0
DEMO Tallinn,propulsion_share_road_freight--cng,0
DEMO Tallinn,ef_street_driving_road_freight--petrol_including_hybrids,580
DEMO Tallinn,ef_street_driving_road_freight--lpg,580
DEMO Tallinn,ef_street_driving_road_freight--diesel_including_hybrids,580
DEMO Tallinn,ef_street_driving_road_freight--natural_gas,0
DEMO Tallinn,ef_street_driving_road_freight--electricity,580
DEMO Tallinn,ef_street_driving_road_freight--alternative_energy,580
DEMO Tallinn,ef_street_driving_road_freight--bioethanol,580
DEMO Tallinn,ef_street_driving_road_freight--biodiesel,580
DEMO Tallinn,ef_street_driving_road_freight--cng,0
DEMO Tallinn,ef_road_driving_road_freight--petrol_including_hybrids,370
DEMO Tallinn,ef_road_driving_road_freight--lpg,370
DEMO Tallinn,ef_road_driving_road_freight--diesel_including_hybrids,370
DEMO Tallinn,ef_road_driving_road_freight--natural_gas,0
DEMO Tallinn,ef_road_driving_road_freight--electricity,370
DEMO Tallinn,ef_road_driving_road_freight--alternative_energy,370
DEMO Tallinn,ef_road_driving_road_freight--bioethanol,370
DEMO Tallinn,ef_road_driving_road_freight--biodiesel,370
DEMO Tallinn,ef_road_driving_road_freight--cng,0
DEMO Tallinn,share_road_driving_road_freight--metropolitan_center,10
DEMO Tallinn,share_road_driving_road_freight--urban,20
DEMO Tallinn,share_road_driving_road_freight--suburban,70
DEMO Tallinn,share_road_driving_road_freight--town,100
DEMO Tallinn,share_road_driving_road_freight--rural,0
DEMO Tallinn,average_load_road_freight,0
DEMO Tallinn,vehicle-km_per_capita_waterways_transport,29
DEMO Tallinn,ef_inland_waterways,0
DEMO Tallinn,annual_change_waterways_transport--2021-30,0
DEMO Tallinn,annual_change_waterways_transport--2031-40,0
DEMO Tallinn,annual_change_waterways_transport--2041-50,0
DEMO Tallinn,cf_waterways_transport--metropolitan,1
DEMO Tallinn,cf_waterways_transport--city,1
DEMO Tallinn,cf_waterways_transport--suburban,1
DEMO Tallinn,cf_waterways_transport--town,1
DEMO Tallinn,cf_waterways_transport--rural,1
DEMO Tallinn,average_load_inland_waterways,0
DEMO Tallinn,country_land_area,0
DEMO Tallinn,factor_inclusion,0
DEMO Tallinn,menu_options_inland_waterways_intensity--1,-
DEMO Tallinn,menu_options_inland_waterways_intensity--2,-
DEMO Tallinn,menu_options_inland_waterways_intensity--3,-
DEMO Tallinn,menu_options_inland_waterways_intensity--4,-
DEMO Tallinn,non-residental_passenger_transport_on_road--none,-
DEMO Tallinn,non-residental_passenger_transport_on_road--low_intensity,-
DEMO Tallinn,non-residental_passenger_transport_on_road--average_intensity,-
DEMO Tallinn,non-residental_passenger_transport_on_road--high_intensity,-
DEMO Tallinn,freight_transport_by_road--none,-
DEMO Tallinn,freight_transport_by_road--low_intensity,-
DEMO Tallinn,freight_transport_by_road--average_intensity,-
DEMO Tallinn,freight_transport_by_road--high_intensity,-
DEMO Tallinn,freight_transport_by_rail--none,-
DEMO Tallinn,freight_transport_by_rail--low_intensity,-
DEMO Tallinn,freight_transport_by_rail--average_intensity,-
DEMO Tallinn,freight_transport_by_rail--high_intensity,-
DEMO Tallinn,freight_transport_by_inland_waterways--none,-
DEMO Tallinn,freight_transport_by_inland_waterways--low_intensity,-
DEMO Tallinn,freight_transport_by_inland_waterways--average_intensity,-
DEMO Tallinn,freight_transport_by_inland_waterways--high_intensity,-
DEMO Tallinn,annual_change_vehicle_efficiency--2021-30,0
DEMO Tallinn,annual_change_vehicle_efficiency--2031-40,0
DEMO Tallinn,annual_change_vehicle_efficiency--2041-50,0
DEMO Tallinn,land_use_baseline_forestland,0
DEMO Tallinn,land_use_baseline_forestland_annual_change--2021-30,0
DEMO Tallinn,land_use_baseline_forestland_annual_change--2031-40,0
DEMO Tallinn,land_use_baseline_forestland_annual_change--2041-50,0
DEMO Tallinn,land_use_baseline_cropland,0
DEMO Tallinn,land_use_baseline_cropland_annual_change--2021-30,0
DEMO Tallinn,land_use_baseline_cropland_annual_change--2031-40,0
DEMO Tallinn,land_use_baseline_cropland_annual_change--2041-50,0
DEMO Tallinn,land_use_baseline_grassland,0
DEMO Tallinn,land_use_baseline_grassland_annual_change--2021-30,0
DEMO Tallinn,land_use_baseline_grassland_annual_change--2031-40,0
DEMO Tallinn,land_use_baseline_grassland_annual_change--2041-50,0
DEMO Tallinn,land_use_baseline_wetlands,0
DEMO Tallinn,land_use_baseline_wetlands_annual_change--2021-30,0
DEMO Tallinn,land_use_baseline_wetlands_annual_change--2031-40,0
DEMO Tallinn,land_use_baseline_wetlands_annual_change--2041-50,0
DEMO Tallinn,land_use_baseline_settlements,0
DEMO Tallinn,land_use_baseline_settlements_annual_change--2021-30,0
DEMO Tallinn,land_use_baseline_settlements_annual_change--2031-40,0
DEMO Tallinn,land_use_baseline_settlements_annual_change--2041-50,0
DEMO Tallinn,land_use_baseline_other_land,0
DEMO Tallinn,land_use_baseline_other_land_annual_change--2021-30,0
DEMO Tallinn,land_use_baseline_other_land_annual_change--2031-40,0
DEMO Tallinn,land_use_baseline_other_land_annual_change--2041-50,0
DEMO Tallinn,cropland_to_forestland--aboveground_biomass,0.527747413
DEMO Tallinn,cropland_to_forestland--belowground_biomass,0
DEMO Tallinn,cropland_to_forestland--dead_wood,0.018422926
DEMO Tallinn,cropland_to_forestland--litter,0.3
DEMO Tallinn,cropland_to_forestland--mineral_soil,0.17
DEMO Tallinn,cropland_to_forestland--organic_soil,0
DEMO Tallinn,grassland_to_forestland--aboveground_biomass,-54.46
DEMO Tallinn,grassland_to_forestland--belowground_biomass,-12.83
DEMO Tallinn,grassland_to_forestland--dead_wood,-1.552778148
DEMO Tallinn,grassland_to_forestland--litter,0
DEMO Tallinn,grassland_to_forestland--mineral_soil,-0.769255151
DEMO Tallinn,grassland_to_forestland--organic_soil,0
DEMO Tallinn,wetland_to_forestland--aboveground_biomass,-0.077255325
DEMO Tallinn,wetland_to_forestland--belowground_biomass,0
DEMO Tallinn,wetland_to_forestland--dead_wood,-0.001679777
DEMO Tallinn,wetland_to_forestland--litter,0
DEMO Tallinn,wetland_to_forestland--mineral_soil,-0.422266974
DEMO Tallinn,wetland_to_forestland--organic_soil,-6.1
DEMO Tallinn,settlement_to_forestland--aboveground_biomass,0
DEMO Tallinn,settlement_to_forestland--belowground_biomass,0
DEMO Tallinn,settlement_to_forestland--dead_wood,0
DEMO Tallinn,settlement_to_forestland--litter,0
DEMO Tallinn,settlement_to_forestland--mineral_soil,0
DEMO Tallinn,settlement_to_forestland--organic_soil,0
DEMO Tallinn,otherland_to_forestland--aboveground_biomass,0
DEMO Tallinn,otherland_to_forestland--belowground_biomass,0
DEMO Tallinn,otherland_to_forestland--dead_wood,0
DEMO Tallinn,otherland_to_forestland--litter,0
DEMO Tallinn,otherland_to_forestland--mineral_soil,0
DEMO Tallinn,otherland_to_forestland--organic_soil,0
DEMO Tallinn,forestland_to_cropland--aboveground_biomass,0
DEMO Tallinn,forestland_to_cropland--belowground_biomass,0
DEMO Tallinn,forestland_to_cropland--dead_wood,0
DEMO Tallinn,forestland_to_cropland--litter,0
DEMO Tallinn,forestland_to_cropland--mineral_soil,0
DEMO Tallinn,forestland_to_cropland--organic_soil,0
DEMO Tallinn,grassland_to_cropland--aboveground_biomass,-54.46
DEMO Tallinn,grassland_to_cropland--belowground_biomass,-12.83
DEMO Tallinn,grassland_to_cropland--dead_wood,-0.826191509
DEMO Tallinn,grassland_to_cropland--litter,0
DEMO Tallinn,grassland_to_cropland--mineral_soil,0.079714739
DEMO Tallinn,grassland_to_cropland--organic_soil,-1.428363157
DEMO Tallinn,wetland_to_cropland--aboveground_biomass,0.174652372
DEMO Tallinn,wetland_to_cropland--belowground_biomass,0
DEMO Tallinn,wetland_to_cropland--dead_wood,0.002159744
DEMO Tallinn,wetland_to_cropland--litter,0
DEMO Tallinn,wetland_to_cropland--mineral_soil,0.563005464
DEMO Tallinn,wetland_to_cropland--organic_soil,-6.1
DEMO Tallinn,settlement_to_cropland--aboveground_biomass,0.165317538
DEMO Tallinn,settlement_to_cropland--belowground_biomass,0
DEMO Tallinn,settlement_to_cropland--dead_wood,0.00204431
DEMO Tallinn,settlement_to_cropland--litter,0
DEMO Tallinn,settlement_to_cropland--mineral_soil,0
DEMO Tallinn,settlement_to_cropland--organic_soil,-1.428363157
DEMO Tallinn,otherland_to_cropland--aboveground_biomass,0.174843269
DEMO Tallinn,otherland_to_cropland--belowground_biomass,0
DEMO Tallinn,otherland_to_cropland--dead_wood,0.002162104
DEMO Tallinn,otherland_to_cropland--litter,0
DEMO Tallinn,otherland_to_cropland--mineral_soil,0.11
DEMO Tallinn,otherland_to_cropland--organic_soil,0
DEMO Tallinn,forestland_to_grassland--aboveground_biomass,0.174843269
DEMO Tallinn,forestland_to_grassland--belowground_biomass,0
DEMO Tallinn,forestland_to_grassland--dead_wood,0.002162104
DEMO Tallinn,forestland_to_grassland--litter,0
DEMO Tallinn,forestland_to_grassland--mineral_soil,0.11
DEMO Tallinn,forestland_to_grassland--organic_soil,0
DEMO Tallinn,cropland_to_grassland--aboveground_biomass,0
DEMO Tallinn,cropland_to_grassland--belowground_biomass,0
DEMO Tallinn,cropland_to_grassland--dead_wood,0
DEMO Tallinn,cropland_to_grassland--litter,0
DEMO Tallinn,cropland_to_grassland--mineral_soil,0
DEMO Tallinn,cropland_to_grassland--organic_soil,-1.741
DEMO Tallinn,wetland_to_grassland--aboveground_biomass,0
DEMO Tallinn,wetland_to_grassland--belowground_biomass,0
DEMO Tallinn,wetland_to_grassland--dead_wood,0
DEMO Tallinn,wetland_to_grassland--litter,0
DEMO Tallinn,wetland_to_grassland--mineral_soil,0
DEMO Tallinn,wetland_to_grassland--organic_soil,0
DEMO Tallinn,settlement_to_grassland--aboveground_biomass,0
DEMO Tallinn,settlement_to_grassland--belowground_biomass,0
DEMO Tallinn,settlement_to_grassland--dead_wood,0
DEMO Tallinn,settlement_to_grassland--litter,0
DEMO Tallinn,settlement_to_grassland--mineral_soil,0
DEMO Tallinn,settlement_to_grassland--organic_soil,0
DEMO Tallinn,otherland_to_grassland--aboveground_biomass,0
DEMO Tallinn,otherland_to_grassland--belowground_biomass,0
DEMO Tallinn,otherland_to_grassland--dead_wood,0
DEMO Tallinn,otherland_to_grassland--litter,0
DEMO Tallinn,otherland_to_grassland--mineral_soil,0
DEMO Tallinn,otherland_to_grassland--organic_soil,0
DEMO Tallinn,land_to_peat_extraction--aboveground_biomass,0
DEMO Tallinn,land_to_peat_extraction--belowground_biomass,0
DEMO Tallinn,land_to_peat_extraction--dead_wood,0
DEMO Tallinn,land_to_peat_extraction--litter,0
DEMO Tallinn,land_to_peat_extraction--mineral_soil,0
DEMO Tallinn,land_to_peat_extraction--organic_soil,0
DEMO Tallinn,peatland_restoration--aboveground_biomass,-54.46
DEMO Tallinn,peatland_restoration--belowground_biomass,-12.83
DEMO Tallinn,peatland_restoration--dead_wood,-0.576683022
DEMO Tallinn,peatland_restoration--litter,0
DEMO Tallinn,peatland_restoration--mineral_soil,-1.620139173
DEMO Tallinn,peatland_restoration--organic_soil,-2.25
DEMO Tallinn,forestland_to_other_wetland--aboveground_biomass,0
DEMO Tallinn,forestland_to_other_wetland--belowground_biomass,0
DEMO Tallinn,forestland_to_other_wetland--dead_wood,0
DEMO Tallinn,forestland_to_other_wetland--litter,0
DEMO Tallinn,forestland_to_other_wetland--mineral_soil,-2.67
DEMO Tallinn,forestland_to_other_wetland--organic_soil,-6.1
DEMO Tallinn,cropland_to_other_wetland--aboveground_biomass,-0.109905002
DEMO Tallinn,cropland_to_other_wetland--belowground_biomass,0
DEMO Tallinn,cropland_to_other_wetland--dead_wood,-0.002389685
DEMO Tallinn,cropland_to_other_wetland--litter,0
DEMO Tallinn,cropland_to_other_wetland--mineral_soil,-0.55
DEMO Tallinn,cropland_to_other_wetland--organic_soil,0
DEMO Tallinn,grassland_to_other_wetland--aboveground_biomass,0
DEMO Tallinn,grassland_to_other_wetland--belowground_biomass,0
DEMO Tallinn,grassland_to_other_wetland--dead_wood,0
DEMO Tallinn,grassland_to_other_wetland--litter,0
DEMO Tallinn,grassland_to_other_wetland--mineral_soil,0
DEMO Tallinn,grassland_to_other_wetland--organic_soil,0
DEMO Tallinn,forestland_to_settlement--aboveground_biomass,0
DEMO Tallinn,forestland_to_settlement--belowground_biomass,0
DEMO Tallinn,forestland_to_settlement--dead_wood,0
DEMO Tallinn,forestland_to_settlement--litter,0
DEMO Tallinn,forestland_to_settlement--mineral_soil,-1.13
DEMO Tallinn,forestland_to_settlement--organic_soil,0
DEMO Tallinn,cropland_to_settlement--aboveground_biomass,-54.46
DEMO Tallinn,cropland_to_settlement--belowground_biomass,-12.83
DEMO Tallinn,cropland_to_settlement--dead_wood,-0.612659617
DEMO Tallinn,cropland_to_settlement--litter,0
DEMO Tallinn,cropland_to_settlement--mineral_soil,-1.620139173
DEMO Tallinn,cropland_to_settlement--organic_soil,0
DEMO Tallinn,grassland_to_settlement--aboveground_biomass,0
DEMO Tallinn,grassland_to_settlement--belowground_biomass,0
DEMO Tallinn,grassland_to_settlement--dead_wood,0
DEMO Tallinn,grassland_to_settlement--litter,0
DEMO Tallinn,grassland_to_settlement--mineral_soil,-2.67
DEMO Tallinn,grassland_to_settlement--organic_soil,0
DEMO Tallinn,wetland_to_settlement--aboveground_biomass,0
DEMO Tallinn,wetland_to_settlement--belowground_biomass,0
DEMO Tallinn,wetland_to_settlement--dead_wood,0
DEMO Tallinn,wetland_to_settlement--litter,0
DEMO Tallinn,wetland_to_settlement--mineral_soil,-0.55
DEMO Tallinn,wetland_to_settlement--organic_soil,0
DEMO Tallinn,otherland_to_settlement--aboveground_biomass,0
DEMO Tallinn,otherland_to_settlement--belowground_biomass,0
DEMO Tallinn,otherland_to_settlement--dead_wood,0
DEMO Tallinn,otherland_to_settlement--litter,0
DEMO Tallinn,otherland_to_settlement--mineral_soil,0
DEMO Tallinn,otherland_to_settlement--organic_soil,0
DEMO Tallinn,forestland_to_otherland--aboveground_biomass,0
DEMO Tallinn,forestland_to_otherland--belowground_biomass,0
DEMO Tallinn,forestland_to_otherland--dead_wood,0
DEMO Tallinn,forestland_to_otherland--litter,0
DEMO Tallinn,forestland_to_otherland--mineral_soil,0
DEMO Tallinn,forestland_to_otherland--organic_soil,0
DEMO Tallinn,cropland_to_otherland--aboveground_biomass,0.126082442
DEMO Tallinn,cropland_to_otherland--belowground_biomass,0
DEMO Tallinn,cropland_to_otherland--dead_wood,0.011482396
DEMO Tallinn,cropland_to_otherland--litter,0
DEMO Tallinn,cropland_to_otherland--mineral_soil,0.173132364
DEMO Tallinn,cropland_to_otherland--organic_soil,-0.188228219
DEMO Tallinn,grassland_to_otherland--aboveground_biomass,0
DEMO Tallinn,grassland_to_otherland--belowground_biomass,0
DEMO Tallinn,grassland_to_otherland--dead_wood,0
DEMO Tallinn,grassland_to_otherland--litter,0
DEMO Tallinn,grassland_to_otherland--mineral_soil,0.095296552
DEMO Tallinn,grassland_to_otherland--organic_soil,-6.1
DEMO Tallinn,wetland_to_otherland--aboveground_biomass,0.007867537
DEMO Tallinn,wetland_to_otherland--belowground_biomass,0
DEMO Tallinn,wetland_to_otherland--dead_wood,0
DEMO Tallinn,wetland_to_otherland--litter,0
DEMO Tallinn,wetland_to_otherland--mineral_soil,0
DEMO Tallinn,wetland_to_otherland--organic_soil,-0.289664517
DEMO Tallinn,settlement_to_otherland--aboveground_biomass,0
DEMO Tallinn,settlement_to_otherland--belowground_biomass,0
DEMO Tallinn,settlement_to_otherland--dead_wood,0
DEMO Tallinn,settlement_to_otherland--litter,0
DEMO Tallinn,settlement_to_otherland--mineral_soil,0
DEMO Tallinn,settlement_to_otherland--organic_soil,-16.07729168
DEMO Tallinn,forestland_remaining_forestland--aboveground_biomass,0
DEMO Tallinn,forestland_remaining_forestland--belowground_biomass,0
DEMO Tallinn,forestland_remaining_forestland--dead_wood,0
DEMO Tallinn,forestland_remaining_forestland--litter,0
DEMO Tallinn,forestland_remaining_forestland--mineral_soil,0
DEMO Tallinn,forestland_remaining_forestland--organic_soil,-12.23508251
DEMO Tallinn,cropland_remaining_cropland--aboveground_biomass,0
DEMO Tallinn,cropland_remaining_cropland--belowground_biomass,0
DEMO Tallinn,cropland_remaining_cropland--dead_wood,0
DEMO Tallinn,cropland_remaining_cropland--litter,0
DEMO Tallinn,cropland_remaining_cropland--mineral_soil,0
DEMO Tallinn,cropland_remaining_cropland--organic_soil,0
DEMO Tallinn,grassland_remaining_grassland--aboveground_biomass,0
DEMO Tallinn,grassland_remaining_grassland--belowground_biomass,0
DEMO Tallinn,grassland_remaining_grassland--dead_wood,0
DEMO Tallinn,grassland_remaining_grassland--litter,0
DEMO Tallinn,grassland_remaining_grassland--mineral_soil,0
DEMO Tallinn,grassland_remaining_grassland--organic_soil,0
DEMO Tallinn,peat_extraction_remaining_peat_extraction--aboveground_biomass,0
DEMO Tallinn,peat_extraction_remaining_peat_extraction--belowground_biomass,0
DEMO Tallinn,peat_extraction_remaining_peat_extraction--dead_wood,0
DEMO Tallinn,peat_extraction_remaining_peat_extraction--litter,0
DEMO Tallinn,peat_extraction_remaining_peat_extraction--mineral_soil,0
DEMO Tallinn,peat_extraction_remaining_peat_extraction--organic_soil,0
DEMO Tallinn,wetland_remaining_wetland--aboveground_biomass,0
DEMO Tallinn,wetland_remaining_wetland--belowground_biomass,0
DEMO Tallinn,wetland_remaining_wetland--dead_wood,0
DEMO Tallinn,wetland_remaining_wetland--litter,0
DEMO Tallinn,wetland_remaining_wetland--mineral_soil,0
DEMO Tallinn,wetland_remaining_wetland--organic_soil,0
DEMO Tallinn,settlement_remaining_settlement--aboveground_biomass,0
DEMO Tallinn,settlement_remaining_settlement--belowground_biomass,0
DEMO Tallinn,settlement_remaining_settlement--dead_wood,0
DEMO Tallinn,settlement_remaining_settlement--litter,0
DEMO Tallinn,settlement_remaining_settlement--mineral_soil,0
DEMO Tallinn,settlement_remaining_settlement--organic_soil,0
DEMO Tallinn,emission_factor_for_energy_carrier--gas,0
DEMO Tallinn,emission_factor_for_energy_carrier--oil,0
DEMO Tallinn,emission_factor_for_energy_carrier--coal,0
DEMO Tallinn,emission_factor_for_energy_carrier--peat,0
DEMO Tallinn,emission_factor_for_energy_carrier--wood,0
DEMO Tallinn,emission_factor_for_energy_carrier--renewable,0
DEMO Tallinn,emission_factor_for_energy_carrier--district_heating,0
DEMO Tallinn,annual_demolition_rate_of_residential_buildings--2021-30,0
DEMO Tallinn,annual_demolition_rate_of_residential_buildings--2031-40,0
DEMO Tallinn,annual_demolition_rate_of_residential_buildings--2041-50,0
DEMO Tallinn,annual_demolition_of_commercial_buildings--2021-30,0
DEMO Tallinn,annual_demolition_of_commercial_buildings--2031-40,0
DEMO Tallinn,annual_demolition_of_commercial_buildings--2041-50,0
DEMO Tallinn,annual_increase_a-class_apartments--2021-30,0
DEMO Tallinn,annual_increase_a-class_apartments--2031-40,0
DEMO Tallinn,annual_increase_a-class_apartments--2041-50,0
DEMO Tallinn,annual_increase_b-class_apartments--2021-30,0
DEMO Tallinn,annual_increase_b-class_apartments--2031-40,0
DEMO Tallinn,annual_increase_b-class_apartments--2041-50,0
DEMO Tallinn,annual_increase_a-class_terraced_units--2021-30,0
DEMO Tallinn,annual_increase_a-class_terraced_units--2031-40,0
DEMO Tallinn,annual_increase_a-class_terraced_units--2041-50,0
DEMO Tallinn,annual_increase_b-class_terraced_units--2021-30,0
DEMO Tallinn,annual_increase_b-class_terraced_units--2031-40,0
DEMO Tallinn,annual_increase_b-class_terraced_units--2041-50,0
DEMO Tallinn,annual_increase_a-class_semi-detached_units--2021-30,0
DEMO Tallinn,annual_increase_a-class_semi-detached_units--2031-40,0
DEMO Tallinn,annual_increase_a-class_semi-detached_units--2041-50,0
DEMO Tallinn,annual_increase_b-class_semi-detached_units--2021-30,0
DEMO Tallinn,annual_increase_b-class_semi-detached_units--2031-40,0
DEMO Tallinn,annual_increase_b-class_semi-detached_units--2041-50,0
DEMO Tallinn,annual_increase_a-class_detached_units--2021-30,0
DEMO Tallinn,annual_increase_a-class_detached_units--2031-40,0
DEMO Tallinn,annual_increase_a-class_detached_units--2041-50,0
DEMO Tallinn,annual_increase_b-class_detached_units--2021-30,0
DEMO Tallinn,annual_increase_b-class_detached_units--2031-40,0
DEMO Tallinn,annual_increase_b-class_detached_units--2041-50,0
DEMO Tallinn,annual_increase_commercial_buildings--2021-30,0
DEMO Tallinn,annual_increase_commercial_buildings--2031-40,0
DEMO Tallinn,annual_increase_commercial_buildings--2041-50,0
DEMO Tallinn,floor_area_per_residential_unit--average,0
DEMO Tallinn,floor_area_per_residential_unit--apartment,0
DEMO Tallinn,floor_area_per_residential_unit--terraced,0
DEMO Tallinn,floor_area_per_residential_unit--semi-detached,0
DEMO Tallinn,floor_area_per_residential_unit--detached,0
DEMO Tallinn,average_total_energy_use--all_residential,0
DEMO Tallinn,end_use_of_energy_residential_buildings--space_heating,0
DEMO Tallinn,end_use_of_energy_residential_buildings--water_heating,0
DEMO Tallinn,end_use_of_energy_residential_buildings--lights_&_appliances,0
DEMO Tallinn,end_use_of_energy_residential_buildings--pumps_&_fans,0
DEMO Tallinn,a-rated_apartment--electricity,0
DEMO Tallinn,a-rated_apartment--gas,0
DEMO Tallinn,a-rated_apartment--oil,0
DEMO Tallinn,a-rated_apartment--coal,0
DEMO Tallinn,a-rated_apartment--peat,0
DEMO Tallinn,a-rated_apartment--wood,0
DEMO Tallinn,a-rated_apartment--renewable,0
DEMO Tallinn,a-rated_apartment--heat,0
DEMO Tallinn,a-rated_terraced--electricity,0
DEMO Tallinn,a-rated_terraced--gas,0
DEMO Tallinn,a-rated_terraced--oil,0
DEMO Tallinn,a-rated_terraced--coal,0
DEMO Tallinn,a-rated_terraced--peat,0
DEMO Tallinn,a-rated_terraced--wood,0
DEMO Tallinn,a-rated_terraced--renewable,0
DEMO Tallinn,a-rated_terraced--heat,0
DEMO Tallinn,a-rated_semi-detached--electricity,0
DEMO Tallinn,a-rated_semi-detached--gas,0
DEMO Tallinn,a-rated_semi-detached--oil,0
DEMO Tallinn,a-rated_semi-detached--coal,0
DEMO Tallinn,a-rated_semi-detached--peat,0
DEMO Tallinn,a-rated_semi-detached--wood,0
DEMO Tallinn,a-rated_semi-detached--renewable,0
DEMO Tallinn,a-rated_semi-detached--heat,0
DEMO Tallinn,a-rated_detached--electricity,0
DEMO Tallinn,a-rated_detached--gas,0
DEMO Tallinn,a-rated_detached--oil,0
DEMO Tallinn,a-rated_detached--coal,0
DEMO Tallinn,a-rated_detached--peat,0
DEMO Tallinn,a-rated_detached--wood,0
DEMO Tallinn,a-rated_detached--renewable,0
DEMO Tallinn,a-rated_detached--heat,0
DEMO Tallinn,b-rated_apartment--electricity,0
DEMO Tallinn,b-rated_apartment--gas,0
DEMO Tallinn,b-rated_apartment--oil,0
DEMO Tallinn,b-rated_apartment--coal,0
DEMO Tallinn,b-rated_apartment--peat,0
DEMO Tallinn,b-rated_apartment--wood,0
DEMO Tallinn,b-rated_apartment--renewable,0
DEMO Tallinn,b-rated_apartment--heat,0
DEMO Tallinn,b-rated_terraced--electricity,0
DEMO Tallinn,b-rated_terraced--gas,0
DEMO Tallinn,b-rated_terraced--oil,0
DEMO Tallinn,b-rated_terraced--coal,0
DEMO Tallinn,b-rated_terraced--peat,0
DEMO Tallinn,b-rated_terraced--wood,0
DEMO Tallinn,b-rated_terraced--renewable,0
DEMO Tallinn,b-rated_terraced--heat,0
DEMO Tallinn,b-rated_semi-detached--electricity,0
DEMO Tallinn,b-rated_semi-detached--gas,0
DEMO Tallinn,b-rated_semi-detached--oil,0
DEMO Tallinn,b-rated_semi-detached--coal,0
DEMO Tallinn,b-rated_semi-detached--peat,0
DEMO Tallinn,b-rated_semi-detached--wood,0
DEMO Tallinn,b-rated_semi-detached--renewable,0
DEMO Tallinn,b-rated_semi-detached--heat,0
DEMO Tallinn,b-rated_detached--electricity,0
DEMO Tallinn,b-rated_detached--gas,0
DEMO Tallinn,b-rated_detached--oil,0
DEMO Tallinn,b-rated_detached--coal,0
DEMO Tallinn,b-rated_detached--peat,0
DEMO Tallinn,b-rated_detached--wood,0
DEMO Tallinn,b-rated_detached--renewable,0
DEMO Tallinn,b-rated_detached--heat,0
DEMO Tallinn,c-rated_apartment--electricity,0
DEMO Tallinn,c-rated_apartment--gas,0
DEMO Tallinn,c-rated_apartment--oil,0
DEMO Tallinn,c-rated_apartment--coal,0
DEMO Tallinn,c-rated_apartment--peat,0
DEMO Tallinn,c-rated_apartment--wood,0
DEMO Tallinn,c-rated_apartment--renewable,0
DEMO Tallinn,c-rated_apartment--heat,0
DEMO Tallinn,c-rated_terraced--electricity,0
DEMO Tallinn,c-rated_terraced--gas,0
DEMO Tallinn,c-rated_terraced--oil,0
DEMO Tallinn,c-rated_terraced--coal,0
DEMO Tallinn,c-rated_terraced--peat,0
DEMO Tallinn,c-rated_terraced--wood,0
DEMO Tallinn,c-rated_terraced--renewable,0
DEMO Tallinn,c-rated_terraced--heat,0
DEMO Tallinn,c-rated_semi-detached--electricity,0
DEMO Tallinn,c-rated_semi-detached--gas,0
DEMO Tallinn,c-rated_semi-detached--oil,0
DEMO Tallinn,c-rated_semi-detached--coal,0
DEMO Tallinn,c-rated_semi-detached--peat,0
DEMO Tallinn,c-rated_semi-detached--wood,0
DEMO Tallinn,c-rated_semi-detached--renewable,0
DEMO Tallinn,c-rated_semi-detached--heat,0
DEMO Tallinn,c-rated_detached--electricity,0
DEMO Tallinn,c-rated_detached--gas,0
DEMO Tallinn,c-rated_detached--oil,0
DEMO Tallinn,c-rated_detached--coal,0
DEMO Tallinn,c-rated_detached--peat,0
DEMO Tallinn,c-rated_detached--wood,0
DEMO Tallinn,c-rated_detached--renewable,0
DEMO Tallinn,c-rated_detached--heat,0
DEMO Tallinn,d-rated_apartment--electricity,0
DEMO Tallinn,d-rated_apartment--gas,0
DEMO Tallinn,d-rated_apartment--oil,0
DEMO Tallinn,d-rated_apartment--coal,0
DEMO Tallinn,d-rated_apartment--peat,0
DEMO Tallinn,d-rated_apartment--wood,0
DEMO Tallinn,d-rated_apartment--renewable,0
DEMO Tallinn,d-rated_apartment--heat,0
DEMO Tallinn,d-rated_terraced--electricity,0
DEMO Tallinn,d-rated_terraced--gas,0
DEMO Tallinn,d-rated_terraced--oil,0
DEMO Tallinn,d-rated_terraced--coal,0
DEMO Tallinn,d-rated_terraced--peat,0
DEMO Tallinn,d-rated_terraced--wood,0
DEMO Tallinn,d-rated_terraced--renewable,0
DEMO Tallinn,d-rated_terraced--heat,0
DEMO Tallinn,d-rated_semi-detached--electricity,0
DEMO Tallinn,d-rated_semi-detached--gas,0
DEMO Tallinn,d-rated_semi-detached--oil,0
DEMO Tallinn,d-rated_semi-detached--coal,0
DEMO Tallinn,d-rated_semi-detached--peat,0
DEMO Tallinn,d-rated_semi-detached--wood,0
DEMO Tallinn,d-rated_semi-detached--renewable,0
DEMO Tallinn,d-rated_semi-detached--heat,0
DEMO Tallinn,d-rated_detached--electricity,0
DEMO Tallinn,d-rated_detached--gas,0
DEMO Tallinn,d-rated_detached--oil,0
DEMO Tallinn,d-rated_detached--coal,0
DEMO Tallinn,d-rated_detached--peat,0
DEMO Tallinn,d-rated_detached--wood,0
DEMO Tallinn,d-rated_detached--renewable,0
DEMO Tallinn,d-rated_detached--heat,0
DEMO Tallinn,e-rated_apartment--electricity,0
DEMO Tallinn,e-rated_apartment--gas,0
DEMO Tallinn,e-rated_apartment--oil,0
DEMO Tallinn,e-rated_apartment--coal,0
DEMO Tallinn,e-rated_apartment--peat,0
DEMO Tallinn,e-rated_apartment--wood,0
DEMO Tallinn,e-rated_apartment--renewable,0
DEMO Tallinn,e-rated_apartment--heat,0
DEMO Tallinn,e-rated_terraced--electricity,0
DEMO Tallinn,e-rated_terraced--gas,0
DEMO Tallinn,e-rated_terraced--oil,0
DEMO Tallinn,e-rated_terraced--coal,0
DEMO Tallinn,e-rated_terraced--peat,0
DEMO Tallinn,e-rated_terraced--wood,0
DEMO Tallinn,e-rated_terraced--renewable,0
DEMO Tallinn,e-rated_terraced--heat,0
DEMO Tallinn,e-rated_semi-detached--electricity,0
DEMO Tallinn,e-rated_semi-detached--gas,0
DEMO Tallinn,e-rated_semi-detached--oil,0
DEMO Tallinn,e-rated_semi-detached--coal,0
DEMO Tallinn,e-rated_semi-detached--peat,0
DEMO Tallinn,e-rated_semi-detached--wood,0
DEMO Tallinn,e-rated_semi-detached--renewable,0
DEMO Tallinn,e-rated_semi-detached--heat,0
DEMO Tallinn,e-rated_detached--electricity,0
DEMO Tallinn,e-rated_detached--gas,0
DEMO Tallinn,e-rated_detached--oil,0
DEMO Tallinn,e-rated_detached--coal,0
DEMO Tallinn,e-rated_detached--peat,0
DEMO Tallinn,e-rated_detached--wood,0
DEMO Tallinn,e-rated_detached--renewable,0
DEMO Tallinn,e-rated_detached--heat,0
DEMO Tallinn,f-rated_apartment--electricity,0
DEMO Tallinn,f-rated_apartment--gas,0
DEMO Tallinn,f-rated_apartment--oil,0
DEMO Tallinn,f-rated_apartment--coal,0
DEMO Tallinn,f-rated_apartment--peat,0
DEMO Tallinn,f-rated_apartment--wood,0
DEMO Tallinn,f-rated_apartment--renewable,0
DEMO Tallinn,f-rated_apartment--heat,0
DEMO Tallinn,f-rated_terraced--electricity,0
DEMO Tallinn,f-rated_terraced--gas,0
DEMO Tallinn,f-rated_terraced--oil,0
DEMO Tallinn,f-rated_terraced--coal,0
DEMO Tallinn,f-rated_terraced--peat,0
DEMO Tallinn,f-rated_terraced--wood,0
DEMO Tallinn,f-rated_terraced--renewable,0
DEMO Tallinn,f-rated_terraced--heat,0
DEMO Tallinn,f-rated_semi-detached--electricity,0
DEMO Tallinn,f-rated_semi-detached--gas,0
DEMO Tallinn,f-rated_semi-detached--oil,0
DEMO Tallinn,f-rated_semi-detached--coal,0
DEMO Tallinn,f-rated_semi-detached--peat,0
DEMO Tallinn,f-rated_semi-detached--wood,0
DEMO Tallinn,f-rated_semi-detached--renewable,0
DEMO Tallinn,f-rated_semi-detached--heat,0
DEMO Tallinn,f-rated_detached--electricity,0
DEMO Tallinn,f-rated_detached--gas,0
DEMO Tallinn,f-rated_detached--oil,0
DEMO Tallinn,f-rated_detached--coal,0
DEMO Tallinn,f-rated_detached--peat,0
DEMO Tallinn,f-rated_detached--wood,0
DEMO Tallinn,f-rated_detached--renewable,0
DEMO Tallinn,f-rated_detached--heat,0
DEMO Tallinn,g-rated_apartment--electricity,0
DEMO Tallinn,g-rated_apartment--gas,0
DEMO Tallinn,g-rated_apartment--oil,0
DEMO Tallinn,g-rated_apartment--coal,0
DEMO Tallinn,g-rated_apartment--peat,0
DEMO Tallinn,g-rated_apartment--wood,0
DEMO Tallinn,g-rated_apartment--renewable,0
DEMO Tallinn,g-rated_apartment--heat,0
DEMO Tallinn,g-rated_terraced--electricity,0
DEMO Tallinn,g-rated_terraced--gas,0
DEMO Tallinn,g-rated_terraced--oil,0
DEMO Tallinn,g-rated_terraced--coal,0
DEMO Tallinn,g-rated_terraced--peat,0
DEMO Tallinn,g-rated_terraced--wood,0
DEMO Tallinn,g-rated_terraced--renewable,0
DEMO Tallinn,g-rated_terraced--heat,0
DEMO Tallinn,g-rated_semi-detached--electricity,0
DEMO Tallinn,g-rated_semi-detached--gas,0
DEMO Tallinn,g-rated_semi-detached--oil,0
DEMO Tallinn,g-rated_semi-detached--coal,0
DEMO Tallinn,g-rated_semi-detached--peat,0
DEMO Tallinn,g-rated_semi-detached--wood,0
DEMO Tallinn,g-rated_semi-detached--renewable,0
DEMO Tallinn,g-rated_semi-detached--heat,0
DEMO Tallinn,g-rated_detached--electricity,0
DEMO Tallinn,g-rated_detached--gas,0
DEMO Tallinn,g-rated_detached--oil,0
DEMO Tallinn,g-rated_detached--coal,0
DEMO Tallinn,g-rated_detached--peat,0
DEMO Tallinn,g-rated_detached--wood,0
DEMO Tallinn,g-rated_detached--renewable,0
DEMO Tallinn,g-rated_detached--heat,0
DEMO Tallinn,existing_apartments--electricity,0
DEMO Tallinn,existing_apartments--gas,0
DEMO Tallinn,existing_apartments--oil,0
DEMO Tallinn,existing_apartments--coal,0
DEMO Tallinn,existing_apartments--peat,0
DEMO Tallinn,existing_apartments--wood,0
DEMO Tallinn,existing_apartments--renewable,0
DEMO Tallinn,existing_apartments--heat,0
DEMO Tallinn,existing_terraced--electricity,0
DEMO Tallinn,existing_terraced--gas,0
DEMO Tallinn,existing_terraced--oil,0
DEMO Tallinn,existing_terraced--coal,0
DEMO Tallinn,existing_terraced--peat,0
DEMO Tallinn,existing_terraced--wood,0
DEMO Tallinn,existing_terraced--renewable,0
DEMO Tallinn,existing_terraced--heat,0
DEMO Tallinn,existing_semi-detached--electricity,0
DEMO Tallinn,existing_semi-detached--gas,0
DEMO Tallinn,existing_semi-detached--oil,0
DEMO Tallinn,existing_semi-detached--coal,0
DEMO Tallinn,existing_semi-detached--peat,0
DEMO Tallinn,existing_semi-detached--wood,0
DEMO Tallinn,existing_semi-detached--renewable,0
DEMO Tallinn,existing_semi-detached--heat,0
DEMO Tallinn,existing_detached--electricity,0
DEMO Tallinn,existing_detached--gas,0
DEMO Tallinn,existing_detached--oil,0
DEMO Tallinn,existing_detached--coal,0
DEMO Tallinn,existing_detached--peat,0
DEMO Tallinn,existing_detached--wood,0
DEMO Tallinn,existing_detached--renewable,0
DEMO Tallinn,existing_detached--heat,0
DEMO Tallinn,ec_exiting_building_retail--electricity,0
DEMO Tallinn,ec_exiting_building_retail--gas,0
DEMO Tallinn,ec_exiting_building_retail--oil,0
DEMO Tallinn,ec_exiting_building_retail--coal,0
DEMO Tallinn,ec_exiting_building_retail--peat,0
DEMO Tallinn,ec_exiting_building_retail--wood,0
DEMO Tallinn,ec_exiting_building_retail--renewable,0
DEMO Tallinn,ec_exiting_building_retail--heat,0
DEMO Tallinn,ec_exiting_building_health--electricity,0
DEMO Tallinn,ec_exiting_building_health--gas,0
DEMO Tallinn,ec_exiting_building_health--oil,0
DEMO Tallinn,ec_exiting_building_health--coal,0
DEMO Tallinn,ec_exiting_building_health--peat,0
DEMO Tallinn,ec_exiting_building_health--wood,0
DEMO Tallinn,ec_exiting_building_health--renewable,0
DEMO Tallinn,ec_exiting_building_health--heat,0
DEMO Tallinn,ec_exiting_building_hospitality--electricity,0
DEMO Tallinn,ec_exiting_building_hospitality--gas,0
DEMO Tallinn,ec_exiting_building_hospitality--oil,0
DEMO Tallinn,ec_exiting_building_hospitality--coal,0
DEMO Tallinn,ec_exiting_building_hospitality--peat,0
DEMO Tallinn,ec_exiting_building_hospitality--wood,0
DEMO Tallinn,ec_exiting_building_hospitality--renewable,0
DEMO Tallinn,ec_exiting_building_hospitality--heat,0
DEMO Tallinn,ec_exiting_building_offices--electricity,0
DEMO Tallinn,ec_exiting_building_offices--gas,0
DEMO Tallinn,ec_exiting_building_offices--oil,0
DEMO Tallinn,ec_exiting_building_offices--coal,0
DEMO Tallinn,ec_exiting_building_offices--peat,0
DEMO Tallinn,ec_exiting_building_offices--wood,0
DEMO Tallinn,ec_exiting_building_offices--renewable,0
DEMO Tallinn,ec_exiting_building_offices--heat,0
DEMO Tallinn,ec_exiting_building_industrial--electricity,0
DEMO Tallinn,ec_exiting_building_industrial--gas,0
DEMO Tallinn,ec_exiting_building_industrial--oil,0
DEMO Tallinn,ec_exiting_building_industrial--coal,0
DEMO Tallinn,ec_exiting_building_industrial--peat,0
DEMO Tallinn,ec_exiting_building_industrial--wood,0
DEMO Tallinn,ec_exiting_building_industrial--renewable,0
DEMO Tallinn,ec_exiting_building_industrial--heat,0
DEMO Tallinn,ec_exiting_building_warehouses--electricity,0
DEMO Tallinn,ec_exiting_building_warehouses--gas,0
DEMO Tallinn,ec_exiting_building_warehouses--oil,0
DEMO Tallinn,ec_exiting_building_warehouses--coal,0
DEMO Tallinn,ec_exiting_building_warehouses--peat,0
DEMO Tallinn,ec_exiting_building_warehouses--wood,0
DEMO Tallinn,ec_exiting_building_warehouses--renewable,0
DEMO Tallinn,ec_exiting_building_warehouses--heat,0
DEMO Tallinn,building_type--residential_1,0
DEMO Tallinn,building_type--residential_2,0
DEMO Tallinn,building_type--residential_3,0
DEMO Tallinn,building_type--residential_4,0
DEMO Tallinn,building_type--commercial_1,0
DEMO Tallinn,building_type--commercial_2,0
DEMO Tallinn,building_type--commercial_3,0
DEMO Tallinn,building_type--commercial_4,0
DEMO Tallinn,building_type--commercial_5,0
DEMO Tallinn,building_type--commercial_6,0
DEMO Tallinn,ec_new_building_retail--electricity,0
DEMO Tallinn,ec_new_building_retail--gas,0
DEMO Tallinn,ec_new_building_retail--oil,0
DEMO Tallinn,ec_new_building_retail--coal,0
DEMO Tallinn,ec_new_building_retail--peat,0
DEMO Tallinn,ec_new_building_retail--wood,0
DEMO Tallinn,ec_new_building_retail--renewable,0
DEMO Tallinn,ec_new_building_retail--heat,0
DEMO Tallinn,ec_new_building_health--electricity,0
DEMO Tallinn,ec_new_building_health--gas,0
DEMO Tallinn,ec_new_building_health--oil,0
DEMO Tallinn,ec_new_building_health--coal,0
DEMO Tallinn,ec_new_building_health--peat,0
DEMO Tallinn,ec_new_building_health--wood,0
DEMO Tallinn,ec_new_building_health--renewable,0
DEMO Tallinn,ec_new_building_health--heat,0
DEMO Tallinn,ec_new_building_hospitality--electricity,0
DEMO Tallinn,ec_new_building_hospitality--gas,0
DEMO Tallinn,ec_new_building_hospitality--oil,0
DEMO Tallinn,ec_new_building_hospitality--coal,0
DEMO Tallinn,ec_new_building_hospitality--peat,0
DEMO Tallinn,ec_new_building_hospitality--wood,0
DEMO Tallinn,ec_new_building_hospitality--renewable,0
DEMO Tallinn,ec_new_building_hospitality--heat,0
DEMO Tallinn,ec_new_building_offices--electricity,0
DEMO Tallinn,ec_new_building_offices--gas,0
DEMO Tallinn,ec_new_building_offices--oil,0
DEMO Tallinn,ec_new_building_offices--coal,0
DEMO Tallinn,ec_new_building_offices--peat,0
DEMO Tallinn,ec_new_building_offices--wood,0
DEMO Tallinn,ec_new_building_offices--renewable,0
DEMO Tallinn,ec_new_building_offices--heat,0
DEMO Tallinn,ec_new_building_industrial--electricity,0
DEMO Tallinn,ec_new_building_industrial--gas,0
DEMO Tallinn,ec_new_building_industrial--oil,0
DEMO Tallinn,ec_new_building_industrial--coal,0
DEMO Tallinn,ec_new_building_industrial--peat,0
DEMO Tallinn,ec_new_building_industrial--wood,0
DEMO Tallinn,ec_new_building_industrial--renewable,0
DEMO Tallinn,ec_new_building_industrial--heat,0
DEMO Tallinn,ec_new_building_warehouses--electricity,0
DEMO Tallinn,ec_new_building_warehouses--gas,0
DEMO Tallinn,ec_new_building_warehouses--oil,0
DEMO Tallinn,ec_new_building_warehouses--coal,0
DEMO Tallinn,ec_new_building_warehouses--peat,0
DEMO Tallinn,ec_new_building_warehouses--wood,0
DEMO Tallinn,ec_new_building_warehouses--renewable,0
DEMO Tallinn,ec_new_building_warehouses--heat,0
