VariableName,Value,VariableAcronym
dataset_name,Tallinn,country
dataset_description,Copy of Estonia,description
annual_change_population__2021_30,-0.6,POP_COL1
annual_change_population__2031_40,-0.3,POP_COL2
annual_change_population__2041_50,-0.3,POP_COL3
grid_electricity_emission_factor,711,ENE_COL1
annual_change_grid_electricity_ef__2021_30,-1.3,ENE_COL2
annual_change_grid_electricity_ef__2031_40,-6.1,ENE_COL3
annual_change_grid_electricity_ef__2041_50,-6.1,ENE_COL4
district_heating_emission_factor,350,ENE_COL5
annual_change_district_heating_ef__2021_30,0,ENE_COL6
annual_change_district_heating_ef__2031_40,0,ENE_COL7
annual_change_district_heating_ef__2041_50,0,ENE_COL8
passenger_km_per_capita_bus,2172,BUS_COL1
occupancy_rate_bus,12,BUS_COL2
annual_change_bus__2020_30,0.6,BUS_COL3
annual_change_bus__2030_40,0.3,BUS_COL4
annual_change_bus__2040_50,0.3,BUS_COL5
propulsion_share_bus__petrol,4.2,BUS_COL6
propulsion_share_bus__lpg,0,BUS_COL7
propulsion_share_bus__diesel,92.4,BUS_COL8
propulsion_share_bus__cng,3.4,BUS_COL9
propulsion_share_bus__electricity,0,BUS_COL10
cf_bus__metropolitan,2,BUS_COL11
cf_bus__city,1.5,BUS_COL12
cf_bus__suburban,1,BUS_COL13
cf_bus__town,0.8,BUS_COL14
cf_bus__rural,0.5,BUS_COL15
ef_street_driving_bus__petrol,433,BUS_COL16
ef_street_driving_bus__lpg,471,BUS_COL17
ef_street_driving_bus__diesel,433,BUS_COL18
ef_street_driving_bus__cng,649,BUS_COL19
electricity_consumption_street_driving_bus__electricity,0.822,BUS_COL20
ef_road_driving_bus__petrol,262,BUS_COL21
ef_road_driving_bus__lpg,285,BUS_COL22
ef_road_driving_bus__diesel,262,BUS_COL23
ef_road_driving_bus__cng,393,BUS_COL24
electricity_consumption_road_driving_bus__electricity,0.967,BUS_COL25
share_of_electric_buses__2020,0.2,BUS_COL26
share_of_electric_buses__2025,0.3,BUS_COL27
share_of_electric_buses__2030,0.6,BUS_COL28
share_of_electric_buses__2035,1,BUS_COL29
share_of_electric_buses__2040,1.2,BUS_COL30
share_of_electric_buses__2045,1.5,BUS_COL31
share_of_electric_buses__2050,1.7,BUS_COL32
share_road_driving_buses__metropolitan_center,0,BUS_COL33
share_road_driving_buses__urban,10,BUS_COL35
share_road_driving_buses__suburban,20,BUS_COL37
share_road_driving_buses__town,70,BUS_COL39
share_road_driving_buses__rural,100,BUS_COL41
passenger_km_per_capita_car,10221,CAR_COL1
occupancy_rate_car,1.45,CAR_COL2
annual_change_car__2021_30,0.5,CAR_COL4
annual_change_car__2031_40,0.5,CAR_COL5
annual_change_car__2041_50,0.5,CAR_COL6
ef_petrol_car,0.2,CAR_COL7
ef_diesel_car,0.188,CAR_COL8
propulsion_share_car__lpg,0,CAR_COL9
propulsion_share_car__cng,0.17,CAR_COL10
propulsion_share_car__ngv,0.34,CAR_COL11
propulsion_share_car__petrol,58.71,CAR_COL12
propulsion_share_car__hybrid_electric_petrol,1.12,CAR_COL13
propulsion_share_car__petrol_phev,0,CAR_COL14
propulsion_share_car__diesel,39.43,CAR_COL15
propulsion_share_car__hybrid_electric_diesel,0.06,CAR_COL16
propulsion_share_car__diesel_phev,0,CAR_COL17
propulsion_share_car__hydrogen_fuel_cell,0,CAR_COL18
propulsion_share_car__bioethanol,0,CAR_COL19
propulsion_share_car__biodiesel,0,CAR_COL20
propulsion_share_car__bi_fuel,0,CAR_COL21
propulsion_share_car__other,0,CAR_COL22
propulsion_share_car__bev,0.17,CAR_COL23
ef_street_driving_car__lpg,261,CAR_COL24
ef_street_driving_car__cng,97,CAR_COL25
ef_street_driving_car__ngv,63,CAR_COL26
ef_street_driving_car__petrol,233,CAR_COL27
ef_street_driving_car__hybrid_electric_petrol,157,CAR_COL28
ef_street_driving_car__petrol_phev,0,CAR_COL29
ef_street_driving_car__diesel,256,CAR_COL30
ef_street_driving_car__hybrid_electric_diesel,165,CAR_COL31
ef_street_driving_car__diesel_phev,0,CAR_COL32
ef_street_driving_car__hydrogen_fuel_cell,0,CAR_COL33
ef_street_driving_car__bioethanol,7,CAR_COL34
ef_street_driving_car__biodiesel,1,CAR_COL35
ef_street_driving_car__bi_fuel,38,CAR_COL36
ef_street_driving_car__other,226,CAR_COL37
ef_street_driving_car__bev,0.2,CAR_COL38
ef_road_driving_car__lpg,175,CAR_COL39
ef_road_driving_car__cng,60,CAR_COL40
ef_road_driving_car__ngv,42,CAR_COL41
ef_road_driving_car__petrol,156,CAR_COL42
ef_road_driving_car__hybrid_electric_petrol,106,CAR_COL43
ef_road_driving_car__petrol_phev,0,CAR_COL44
ef_road_driving_car__diesel,159,CAR_COL45
ef_road_driving_car__hybrid_electric_diesel,103,CAR_COL46
ef_road_driving_car__diesel_phev,0,CAR_COL47
ef_road_driving_car__hydrogen_fuel_cell,0,CAR_COL48
ef_road_driving_car__bioethanol,4,CAR_COL49
ef_road_driving_car__biodiesel,1,CAR_COL50
ef_road_driving_car__bi_fuel,27,CAR_COL51
ef_road_driving_car__other,151,CAR_COL52
ef_road_driving_car__bev,0.2,CAR_COL53
cf_car__metropolitan,0.3,CAR_COL54
cf_car__city,0.7,CAR_COL55
cf_car__suburban,1.2,CAR_COL56
cf_car__town,1.2,CAR_COL57
cf_car__rural,3,CAR_COL58
share_road_driving_car__metropolitan_center,0,CAR_COL59
share_road_driving_car__urban,10,CAR_COL60
share_road_driving_car__suburban,20,CAR_COL61
share_road_driving_car__town,70,CAR_COL62
share_road_driving_car__rural,100,CAR_COL63
passenger_km_per_capita_metro,0,METRO_COL1
occupancy_rate_metro,18,METRO_COL2
electricity_consumption_metro,12,METRO_COL3
annual_change_metro__2021_30,2.4,METRO_COL4
annual_change_metro__2031_40,1.2,METRO_COL5
annual_change_metro__2041_50,1.2,METRO_COL6
metro__1,-,METRO_COL7
metro__2,-,METRO_COL8
metro__3,-,METRO_COL9
metro__4,-,METRO_COL10
metro__5,-,METRO_COL11
metro__6,-,METRO_COL12
metro__7,-,METRO_COL13
transport_activity_metro__pkm_a,0,METRO_COL14
transport_activity_metro__metro_2,0,METRO_COL15
transport_activity_metro__metro_3,0,METRO_COL16
transport_activity_metro__metro_4,0,METRO_COL17
transport_activity_metro__metro_5,0,METRO_COL18
transport_activity_metro__metro_6,0,METRO_COL19
transport_activity_metro__metro_7,0,METRO_COL20
passenger_km_per_capita_tram,0.1,TRAM_COL1
occupancy_rate_tram,18,TRAM_COL2
electricity_consumption_tram,5,TRAM_COL3
annual_change_tram__2021_30,2.4,TRAM_COL4
annual_change_tram__2031_40,1.2,TRAM_COL5
annual_change_tram__2041_50,1.2,TRAM_COL6
tram__1,-,TRAM_COL7
tram__2,-,TRAM_COL8
tram__3,-,TRAM_COL9
tram__4,-,TRAM_COL10
tram__5,-,TRAM_COL11
tram__6,-,TRAM_COL12
tram__7,-,TRAM_COL13
tram__8,-,TRAM_COL14
tram__9,-,TRAM_COL15
tram__10,-,TRAM_COL16
tram__11,-,TRAM_COL17
tram__12,-,TRAM_COL18
tram__13,-,TRAM_COL19
tram__14,-,TRAM_COL20
tram__15,-,TRAM_COL21
tram__16,-,TRAM_COL22
tram__17,-,TRAM_COL23
tram__18,-,TRAM_COL24
tram__19,-,TRAM_COL25
tram__20,-,TRAM_COL26
tram__21,-,TRAM_COL27
tram__22,-,TRAM_COL28
tram__23,-,TRAM_COL29
tram__24,-,TRAM_COL30
tram__25,-,TRAM_COL31
tram__26,-,TRAM_COL32
tram__27,-,TRAM_COL33
tram__28,-,TRAM_COL34
tram__29,-,TRAM_COL35
tram__30,-,TRAM_COL36
tram__31,-,TRAM_COL37
tram__32,-,TRAM_COL38
tram__33,-,TRAM_COL39
tram__34,-,TRAM_COL40
tram__35,-,TRAM_COL41
tram__36,-,TRAM_COL42
tram__37,-,TRAM_COL43
tram__38,-,TRAM_COL44
tram__39,-,TRAM_COL45
tram__40,-,TRAM_COL46
tram__41,-,TRAM_COL47
tram__42,-,TRAM_COL48
tram__43,-,TRAM_COL49
tram__44,-,TRAM_COL50
tram__45,-,TRAM_COL51
tram__46,-,TRAM_COL52
tram__47,-,TRAM_COL53
tram__48,-,TRAM_COL54
tram__49,-,TRAM_COL55
tram__50,-,TRAM_COL56
tram__51,-,TRAM_COL57
tram__52,-,TRAM_COL58
tram__53,-,TRAM_COL59
tram__54,-,TRAM_COL60
tram__55,-,TRAM_COL61
tram__56,-,TRAM_COL62
tram__57,-,TRAM_COL63
tram__58,-,TRAM_COL64
transport_activity_tram__tram_1,68.4681,TRAM_COL65
transport_activity_tram__tram_2,0,TRAM_COL66
transport_activity_tram__tram_3,0,TRAM_COL67
transport_activity_tram__tram_4,0,TRAM_COL68
transport_activity_tram__tram_5,0,TRAM_COL69
transport_activity_tram__tram_6,0,TRAM_COL70
transport_activity_tram__tram_7,0,TRAM_COL71
transport_activity_tram__tram_8,0,TRAM_COL72
transport_activity_tram__tram_9,0,TRAM_COL73
transport_activity_tram__tram_10,0,TRAM_COL74
transport_activity_tram__tram_11,0,TRAM_COL75
transport_activity_tram__tram_12,0,TRAM_COL76
transport_activity_tram__tram_13,0,TRAM_COL77
transport_activity_tram__tram_14,0,TRAM_COL78
transport_activity_tram__tram_15,0,TRAM_COL79
transport_activity_tram__tram_16,0,TRAM_COL80
transport_activity_tram__tram_17,0,TRAM_COL81
transport_activity_tram__tram_18,0,TRAM_COL82
transport_activity_tram__tram_19,0,TRAM_COL83
transport_activity_tram__tram_20,0,TRAM_COL84
transport_activity_tram__tram_21,0,TRAM_COL85
transport_activity_tram__tram_22,0,TRAM_COL86
transport_activity_tram__tram_23,0,TRAM_COL87
transport_activity_tram__tram_24,0,TRAM_COL88
transport_activity_tram__tram_25,0,TRAM_COL89
transport_activity_tram__tram_26,0,TRAM_COL90
transport_activity_tram__tram_27,0,TRAM_COL91
transport_activity_tram__tram_28,0,TRAM_COL92
transport_activity_tram__tram_29,0,TRAM_COL93
transport_activity_tram__tram_30,0,TRAM_COL94
transport_activity_tram__tram_31,0,TRAM_COL95
transport_activity_tram__tram_32,0,TRAM_COL96
transport_activity_tram__tram_33,0,TRAM_COL97
transport_activity_tram__tram_34,0,TRAM_COL98
transport_activity_tram__tram_35,0,TRAM_COL99
transport_activity_tram__tram_36,0,TRAM_COL100
transport_activity_tram__tram_37,0,TRAM_COL101
transport_activity_tram__tram_38,0,TRAM_COL102
transport_activity_tram__tram_39,0,TRAM_COL103
transport_activity_tram__tram_40,0,TRAM_COL104
transport_activity_tram__tram_41,0,TRAM_COL105
transport_activity_tram__tram_42,0,TRAM_COL106
transport_activity_tram__tram_43,0,TRAM_COL107
transport_activity_tram__tram_44,0,TRAM_COL108
transport_activity_tram__tram_45,0,TRAM_COL109
transport_activity_tram__tram_46,0,TRAM_COL110
transport_activity_tram__tram_47,0,TRAM_COL111
transport_activity_tram__tram_48,0,TRAM_COL112
transport_activity_tram__tram_49,0,TRAM_COL113
transport_activity_tram__tram_50,0,TRAM_COL114
transport_activity_tram__tram_51,0,TRAM_COL115
transport_activity_tram__tram_52,0,TRAM_COL116
transport_activity_tram__tram_53,0,TRAM_COL117
transport_activity_tram__tram_54,0,TRAM_COL118
transport_activity_tram__tram_55,0,TRAM_COL119
transport_activity_tram__tram_56,0,TRAM_COL120
transport_activity_tram__tram_57,0,TRAM_COL121
transport_activity_tram__tram_58,0,TRAM_COL122
passenger_km_per_capita_train,314,TRAIN_COL1
occupancy_rate_train,179.9,TRAIN_COL2
ef_diesel_train,2647.1,TRAIN_COL3
energy_consumption_electric_train,12.6,TRAIN_COL4
share_of_electric_engines,50,TRAIN_COL5
annual_change_passenger_train__2021_30,2.4,TRAIN_COL6
annual_change_passenger_train__2031_40,1.2,TRAIN_COL7
annual_change_passenger_train__2041_50,1.2,TRAIN_COL8
cf_passenger_train__metropolitan,2,TRAIN_COL9
cf_passenger_train__city,1.5,TRAIN_COL10
cf_passenger_train__suburban,0.7,TRAIN_COL11
cf_passenger_train__town,0.7,TRAIN_COL12
cf_passenger_train__rural,0.5,TRAIN_COL13
vehicle_km_per_capita_rail_freight,117,RAIL_TRN_COL1
ef_diesel_rail_freight,2647.1,RAIL_TRN_COL2
energy_consumption_electric_rail_freight,12.6,RAIL_TRN_COL3
share_of_electric_engines_rail_freight,50,RAIL_TRN_COL4
annual_change_rail_freight__2021_30,2.2,RAIL_TRN_COL5
annual_change_rail_freight__2031_40,1.3,RAIL_TRN_COL6
annual_change_rail_freight__2041_50,1.3,RAIL_TRN_COL7
cf_rail_freight__metropolitan,2,RAIL_TRN_COL8
cf_rail_freight__city,2,RAIL_TRN_COL9
cf_rail_freight__suburban,1,RAIL_TRN_COL10
cf_rail_freight__town,1,RAIL_TRN_COL11
cf_rail_freight__rural,0.5,RAIL_TRN_COL12
average_load_rail_freight,2000,RAIL_TRN_COL13
vehicle_km_per_capita_road_freight,163,ROAD_TRN_COL1
road_transport_emission_factor,500,ROAD_TRN_COL2
annual_change_road_freight__2021_30,1.3,ROAD_TRN_COL3
annual_change_road_freight__2031_40,0.9,ROAD_TRN_COL4
annual_change_road_freight__2041_50,0.9,ROAD_TRN_COL5
cf_road_freight__metropolitan,2,ROAD_TRN_COL6
cf_road_freight__city,1.5,ROAD_TRN_COL7
cf_road_freight__suburban,0.5,ROAD_TRN_COL8
cf_road_freight__town,1,ROAD_TRN_COL9
cf_road_freight__rural,0.5,ROAD_TRN_COL10
propulsion_share_road_freight__petrol_including_hybrids,15.46926636,ROAD_TRN_COL11
propulsion_share_road_freight__lpg,0,ROAD_TRN_COL12
propulsion_share_road_freight__diesel_including_hybrids,84.13637365,ROAD_TRN_COL13
propulsion_share_road_freight__natural_gas,0,ROAD_TRN_COL14
propulsion_share_road_freight__electricity,0.023132849,ROAD_TRN_COL15
propulsion_share_road_freight__alternative_energy,0.371227143,ROAD_TRN_COL16
propulsion_share_road_freight__bioethanol,0,ROAD_TRN_COL17
propulsion_share_road_freight__biodiesel,0,ROAD_TRN_COL18
propulsion_share_road_freight__cng,0,ROAD_TRN_COL19
ef_street_driving_road_freight__petrol_including_hybrids,580,ROAD_TRN_COL20
ef_street_driving_road_freight__lpg,580,ROAD_TRN_COL21
ef_street_driving_road_freight__diesel_including_hybrids,580,ROAD_TRN_COL22
ef_street_driving_road_freight__natural_gas,580,ROAD_TRN_COL23
ef_street_driving_road_freight__electricity,0,ROAD_TRN_COL24
ef_street_driving_road_freight__alternative_energy,580,ROAD_TRN_COL25
ef_street_driving_road_freight__bioethanol,580,ROAD_TRN_COL26
ef_street_driving_road_freight__biodiesel,580,ROAD_TRN_COL27
ef_street_driving_road_freight__cng,580,ROAD_TRN_COL28
ef_road_driving_road_freight__petrol_including_hybrids,370,ROAD_TRN_COL29
ef_road_driving_road_freight__lpg,370,ROAD_TRN_COL30
ef_road_driving_road_freight__diesel_including_hybrids,370,ROAD_TRN_COL31
ef_road_driving_road_freight__natural_gas,370,ROAD_TRN_COL32
ef_road_driving_road_freight__electricity,0,ROAD_TRN_COL33
ef_road_driving_road_freight__alternative_energy,370,ROAD_TRN_COL34
ef_road_driving_road_freight__bioethanol,370,ROAD_TRN_COL35
ef_road_driving_road_freight__biodiesel,370,ROAD_TRN_COL36
ef_road_driving_road_freight__cng,370,ROAD_TRN_COL37
share_road_driving_road_freight__metropolitan_center,0,ROAD_TRN_COL38
share_road_driving_road_freight__urban,10,ROAD_TRN_COL39
share_road_driving_road_freight__suburban,20,ROAD_TRN_COL40
share_road_driving_road_freight__town,70,ROAD_TRN_COL41
share_road_driving_road_freight__rural,100,ROAD_TRN_COL42
average_load_road_freight,1000,ROAD_TRN_COL43
vehicle_km_per_capita_waterways_transport,0,WATER_TRN_COL1
ef_inland_waterways,29,WATER_TRN_COL2
annual_change_waterways_transport__2021_30,1.2,WATER_TRN_COL3
annual_change_waterways_transport__2031_40,0.9,WATER_TRN_COL4
annual_change_waterways_transport__2041_50,0.9,WATER_TRN_COL5
cf_waterways_transport__metropolitan,2,WATER_TRN_COL6
cf_waterways_transport__city,1,WATER_TRN_COL7
cf_waterways_transport__suburban,0.5,WATER_TRN_COL8
cf_waterways_transport__town,0.7,WATER_TRN_COL9
cf_waterways_transport__rural,0.2,WATER_TRN_COL10
average_load_inland_waterways,1500,WATER_TRN_COL11
country_land_area,500,MENU_COL1
factor_inclusion,1,MENU_COL2
menu_options_inland_waterways_intensity__1,none,MENU_COL3
menu_options_inland_waterways_intensity__2,low intensity,MENU_COL4
menu_options_inland_waterways_intensity__3,average intensity,MENU_COL5
menu_options_inland_waterways_intensity__4,high intensity,MENU_COL6
non_residental_passenger_transport_on_road__none,0.5,MENU_COL7
non_residental_passenger_transport_on_road__low_intensity,0.75,MENU_COL8
non_residental_passenger_transport_on_road__average_intensity,1,MENU_COL9
non_residental_passenger_transport_on_road__high_intensity,2,MENU_COL10
freight_transport_by_road__none,0.5,MENU_COL11
freight_transport_by_road__low_intensity,0.75,MENU_COL12
freight_transport_by_road__average_intensity,1,MENU_COL13
freight_transport_by_road__high_intensity,2,MENU_COL14
freight_transport_by_rail__none,0,MENU_COL15
freight_transport_by_rail__low_intensity,0.5,MENU_COL16
freight_transport_by_rail__average_intensity,1,MENU_COL17
freight_transport_by_rail__high_intensity,2,MENU_COL18
freight_transport_by_inland_waterways__none,0,MENU_COL19
freight_transport_by_inland_waterways__low_intensity,0.5,MENU_COL20
freight_transport_by_inland_waterways__average_intensity,1,MENU_COL21
freight_transport_by_inland_waterways__high_intensity,2,MENU_COL22
annual_change_vehicle_efficiency__2021_30,0,TECH_COL1
annual_change_vehicle_efficiency__2031_40,0,TECH_COL2
annual_change_vehicle_efficiency__2041_50,0,TECH_COL3
land_use_baseline_forestland,0,CSC_COL1
land_use_baseline_forestland_annual_change__2021_30,0,CSC_COL2
land_use_baseline_forestland_annual_change__2031_40,0,CSC_COL3
land_use_baseline_forestland_annual_change__2041_50,0,CSC_COL4
land_use_baseline_cropland,0,CSC_COL5
land_use_baseline_cropland_annual_change__2021_30,0,CSC_COL6
land_use_baseline_cropland_annual_change__2031_40,0,CSC_COL7
land_use_baseline_cropland_annual_change__2041_50,0,CSC_COL8
land_use_baseline_grassland,0,CSC_COL9
land_use_baseline_grassland_annual_change__2021_30,0,CSC_COL10
land_use_baseline_grassland_annual_change__2031_40,0,CSC_COL11
land_use_baseline_grassland_annual_change__2041_50,0,CSC_COL12
land_use_baseline_wetlands,0,CSC_COL13
land_use_baseline_wetlands_annual_change__2021_30,0,CSC_COL14
land_use_baseline_wetlands_annual_change__2031_40,0,CSC_COL15
land_use_baseline_wetlands_annual_change__2041_50,0,CSC_COL16
land_use_baseline_settlements,0,CSC_COL17
land_use_baseline_settlements_annual_change__2021_30,0,CSC_COL18
land_use_baseline_settlements_annual_change__2031_40,0,CSC_COL19
land_use_baseline_settlements_annual_change__2041_50,0,CSC_COL20
land_use_baseline_other_land,0,CSC_COL21
land_use_baseline_other_land_annual_change__2021_30,0,CSC_COL22
land_use_baseline_other_land_annual_change__2031_40,0,CSC_COL23
land_use_baseline_other_land_annual_change__2041_50,0,CSC_COL24
cropland_to_forestland__aboveground_biomass,0.11,CSC_COL25
cropland_to_forestland__belowground_biomass,0,CSC_COL26
cropland_to_forestland__dead_wood,0.03,CSC_COL27
cropland_to_forestland__litter,0.3,CSC_COL28
cropland_to_forestland__mineral_soil,0.17,CSC_COL29
cropland_to_forestland__organic_soil,0,CSC_COL30
grassland_to_forestland__aboveground_biomass,0.42,CSC_COL31
grassland_to_forestland__belowground_biomass,0,CSC_COL32
grassland_to_forestland__dead_wood,0.01,CSC_COL33
grassland_to_forestland__litter,0.3,CSC_COL34
grassland_to_forestland__mineral_soil,-0.06,CSC_COL35
grassland_to_forestland__organic_soil,-0.34,CSC_COL36
wetland_to_forestland__aboveground_biomass,0.57,CSC_COL37
wetland_to_forestland__belowground_biomass,0,CSC_COL38
wetland_to_forestland__dead_wood,0.01,CSC_COL39
wetland_to_forestland__litter,0.3,CSC_COL40
wetland_to_forestland__mineral_soil,0,CSC_COL41
wetland_to_forestland__organic_soil,-0.34,CSC_COL42
settlement_to_forestland__aboveground_biomass,0.16,CSC_COL43
settlement_to_forestland__belowground_biomass,0,CSC_COL44
settlement_to_forestland__dead_wood,0.02,CSC_COL45
settlement_to_forestland__litter,0.3,CSC_COL46
settlement_to_forestland__mineral_soil,0.17,CSC_COL47
settlement_to_forestland__organic_soil,-0.34,CSC_COL48
otherland_to_forestland__aboveground_biomass,0.53,CSC_COL49
otherland_to_forestland__belowground_biomass,0,CSC_COL50
otherland_to_forestland__dead_wood,0.02,CSC_COL51
otherland_to_forestland__litter,0.3,CSC_COL52
otherland_to_forestland__mineral_soil,0.17,CSC_COL53
otherland_to_forestland__organic_soil,0,CSC_COL54
forestland_to_cropland__aboveground_biomass,-54.46,CSC_COL55
forestland_to_cropland__belowground_biomass,-12.83,CSC_COL56
forestland_to_cropland__dead_wood,-1.55,CSC_COL57
forestland_to_cropland__litter,0,CSC_COL58
forestland_to_cropland__mineral_soil,-0.77,CSC_COL59
forestland_to_cropland__organic_soil,0,CSC_COL60
grassland_to_cropland__aboveground_biomass,-0.08,CSC_COL61
grassland_to_cropland__belowground_biomass,0,CSC_COL62
grassland_to_cropland__dead_wood,0,CSC_COL63
grassland_to_cropland__litter,0,CSC_COL64
grassland_to_cropland__mineral_soil,-0.42,CSC_COL65
grassland_to_cropland__organic_soil,-6.1,CSC_COL66
wetland_to_cropland__aboveground_biomass,0,CSC_COL67
wetland_to_cropland__belowground_biomass,0,CSC_COL68
wetland_to_cropland__dead_wood,0,CSC_COL69
wetland_to_cropland__litter,0,CSC_COL70
wetland_to_cropland__mineral_soil,0,CSC_COL71
wetland_to_cropland__organic_soil,0,CSC_COL72
settlement_to_cropland__aboveground_biomass,0,CSC_COL73
settlement_to_cropland__belowground_biomass,0,CSC_COL74
settlement_to_cropland__dead_wood,0,CSC_COL75
settlement_to_cropland__litter,0,CSC_COL76
settlement_to_cropland__mineral_soil,0,CSC_COL77
settlement_to_cropland__organic_soil,0,CSC_COL78
otherland_to_cropland__aboveground_biomass,0,CSC_COL79
otherland_to_cropland__belowground_biomass,0,CSC_COL80
otherland_to_cropland__dead_wood,0,CSC_COL81
otherland_to_cropland__litter,0,CSC_COL82
otherland_to_cropland__mineral_soil,0,CSC_COL83
otherland_to_cropland__organic_soil,0,CSC_COL84
forestland_to_grassland__aboveground_biomass,-54.46,CSC_COL85
forestland_to_grassland__belowground_biomass,-12.83,CSC_COL86
forestland_to_grassland__dead_wood,-0.83,CSC_COL87
forestland_to_grassland__litter,0,CSC_COL88
forestland_to_grassland__mineral_soil,0.08,CSC_COL89
forestland_to_grassland__organic_soil,-1.43,CSC_COL90
cropland_to_grassland__aboveground_biomass,0.17,CSC_COL91
cropland_to_grassland__belowground_biomass,0,CSC_COL92
cropland_to_grassland__dead_wood,0,CSC_COL93
cropland_to_grassland__litter,0,CSC_COL94
cropland_to_grassland__mineral_soil,0.56,CSC_COL95
cropland_to_grassland__organic_soil,-6.1,CSC_COL96
wetland_to_grassland__aboveground_biomass,0.17,CSC_COL97
wetland_to_grassland__belowground_biomass,0,CSC_COL98
wetland_to_grassland__dead_wood,0,CSC_COL99
wetland_to_grassland__litter,0,CSC_COL100
wetland_to_grassland__mineral_soil,0,CSC_COL101
wetland_to_grassland__organic_soil,-1.43,CSC_COL102
settlement_to_grassland__aboveground_biomass,0.17,CSC_COL103
settlement_to_grassland__belowground_biomass,0,CSC_COL104
settlement_to_grassland__dead_wood,0,CSC_COL105
settlement_to_grassland__litter,0,CSC_COL106
settlement_to_grassland__mineral_soil,0.11,CSC_COL107
settlement_to_grassland__organic_soil,0,CSC_COL108
otherland_to_grassland__aboveground_biomass,0.17,CSC_COL109
otherland_to_grassland__belowground_biomass,0,CSC_COL110
otherland_to_grassland__dead_wood,0,CSC_COL111
otherland_to_grassland__litter,0,CSC_COL112
otherland_to_grassland__mineral_soil,0.11,CSC_COL113
otherland_to_grassland__organic_soil,0,CSC_COL114
land_to_peat_extraction__aboveground_biomass,0,CSC_COL115
land_to_peat_extraction__belowground_biomass,0,CSC_COL116
land_to_peat_extraction__dead_wood,0,CSC_COL117
land_to_peat_extraction__litter,0,CSC_COL118
land_to_peat_extraction__mineral_soil,0,CSC_COL119
land_to_peat_extraction__organic_soil,-1.74,CSC_COL120
peatland_restoration__aboveground_biomass,0,CSC_COL121
peatland_restoration__belowground_biomass,0,CSC_COL122
peatland_restoration__dead_wood,0,CSC_COL123
peatland_restoration__litter,0,CSC_COL124
peatland_restoration__mineral_soil,0,CSC_COL125
peatland_restoration__organic_soil,0,CSC_COL126
forestland_to_other_wetland__aboveground_biomass,0,CSC_COL127
forestland_to_other_wetland__belowground_biomass,0,CSC_COL128
forestland_to_other_wetland__dead_wood,0,CSC_COL129
forestland_to_other_wetland__litter,0,CSC_COL130
forestland_to_other_wetland__mineral_soil,0,CSC_COL131
forestland_to_other_wetland__organic_soil,0,CSC_COL132
cropland_to_other_wetland__aboveground_biomass,0,CSC_COL133
cropland_to_other_wetland__belowground_biomass,0,CSC_COL134
cropland_to_other_wetland__dead_wood,0,CSC_COL135
cropland_to_other_wetland__litter,0,CSC_COL136
cropland_to_other_wetland__mineral_soil,0,CSC_COL137
cropland_to_other_wetland__organic_soil,0,CSC_COL138
grassland_to_other_wetland__aboveground_biomass,0,CSC_COL139
grassland_to_other_wetland__belowground_biomass,0,CSC_COL140
grassland_to_other_wetland__dead_wood,0,CSC_COL141
grassland_to_other_wetland__litter,0,CSC_COL142
grassland_to_other_wetland__mineral_soil,0,CSC_COL143
grassland_to_other_wetland__organic_soil,0,CSC_COL144
forestland_to_settlement__aboveground_biomass,-54.46,CSC_COL145
forestland_to_settlement__belowground_biomass,-12.83,CSC_COL146
forestland_to_settlement__dead_wood,-0.58,CSC_COL147
forestland_to_settlement__litter,0,CSC_COL148
forestland_to_settlement__mineral_soil,-1.62,CSC_COL149
forestland_to_settlement__organic_soil,-2.25,CSC_COL150
cropland_to_settlement__aboveground_biomass,0,CSC_COL151
cropland_to_settlement__belowground_biomass,0,CSC_COL152
cropland_to_settlement__dead_wood,0,CSC_COL153
cropland_to_settlement__litter,0,CSC_COL154
cropland_to_settlement__mineral_soil,-2.67,CSC_COL155
cropland_to_settlement__organic_soil,-6.1,CSC_COL156
grassland_to_settlement__aboveground_biomass,-0.11,CSC_COL157
grassland_to_settlement__belowground_biomass,0,CSC_COL158
grassland_to_settlement__dead_wood,0,CSC_COL159
grassland_to_settlement__litter,0,CSC_COL160
grassland_to_settlement__mineral_soil,-0.55,CSC_COL161
grassland_to_settlement__organic_soil,0,CSC_COL162
wetland_to_settlement__aboveground_biomass,0,CSC_COL163
wetland_to_settlement__belowground_biomass,0,CSC_COL164
wetland_to_settlement__dead_wood,0,CSC_COL165
wetland_to_settlement__litter,0,CSC_COL166
wetland_to_settlement__mineral_soil,0,CSC_COL167
wetland_to_settlement__organic_soil,0,CSC_COL168
otherland_to_settlement__aboveground_biomass,0,CSC_COL169
otherland_to_settlement__belowground_biomass,0,CSC_COL170
otherland_to_settlement__dead_wood,0,CSC_COL171
otherland_to_settlement__litter,0,CSC_COL172
otherland_to_settlement__mineral_soil,-1.13,CSC_COL173
otherland_to_settlement__organic_soil,0,CSC_COL174
forestland_to_otherland__aboveground_biomass,-54.46,CSC_COL175
forestland_to_otherland__belowground_biomass,-12.83,CSC_COL176
forestland_to_otherland__dead_wood,-0.61,CSC_COL177
forestland_to_otherland__litter,0,CSC_COL178
forestland_to_otherland__mineral_soil,-1.62,CSC_COL179
forestland_to_otherland__organic_soil,0,CSC_COL180
cropland_to_otherland__aboveground_biomass,0,CSC_COL181
cropland_to_otherland__belowground_biomass,0,CSC_COL182
cropland_to_otherland__dead_wood,0,CSC_COL183
cropland_to_otherland__litter,0,CSC_COL184
cropland_to_otherland__mineral_soil,-2.67,CSC_COL185
cropland_to_otherland__organic_soil,0,CSC_COL186
grassland_to_otherland__aboveground_biomass,0,CSC_COL187
grassland_to_otherland__belowground_biomass,0,CSC_COL188
grassland_to_otherland__dead_wood,0,CSC_COL189
grassland_to_otherland__litter,0,CSC_COL190
grassland_to_otherland__mineral_soil,-0.55,CSC_COL191
grassland_to_otherland__organic_soil,0,CSC_COL192
wetland_to_otherland__aboveground_biomass,0,CSC_COL193
wetland_to_otherland__belowground_biomass,0,CSC_COL194
wetland_to_otherland__dead_wood,0,CSC_COL195
wetland_to_otherland__litter,0,CSC_COL196
wetland_to_otherland__mineral_soil,0,CSC_COL197
wetland_to_otherland__organic_soil,0,CSC_COL198
settlement_to_otherland__aboveground_biomass,0,CSC_COL199
settlement_to_otherland__belowground_biomass,0,CSC_COL200
settlement_to_otherland__dead_wood,0,CSC_COL201
settlement_to_otherland__litter,0,CSC_COL202
settlement_to_otherland__mineral_soil,0,CSC_COL203
settlement_to_otherland__organic_soil,0,CSC_COL204
forestland_remaining_forestland__aboveground_biomass,0.13,CSC_COL205
forestland_remaining_forestland__belowground_biomass,0,CSC_COL206
forestland_remaining_forestland__dead_wood,0.01,CSC_COL207
forestland_remaining_forestland__litter,0,CSC_COL208
forestland_remaining_forestland__mineral_soil,0.17,CSC_COL209
forestland_remaining_forestland__organic_soil,-0.19,CSC_COL210
cropland_remaining_cropland__aboveground_biomass,0,CSC_COL211
cropland_remaining_cropland__belowground_biomass,0,CSC_COL212
cropland_remaining_cropland__dead_wood,0,CSC_COL213
cropland_remaining_cropland__litter,0,CSC_COL214
cropland_remaining_cropland__mineral_soil,0.1,CSC_COL215
cropland_remaining_cropland__organic_soil,-6.1,CSC_COL216
grassland_remaining_grassland__aboveground_biomass,0.01,CSC_COL217
grassland_remaining_grassland__belowground_biomass,0,CSC_COL218
grassland_remaining_grassland__dead_wood,0,CSC_COL219
grassland_remaining_grassland__litter,0,CSC_COL220
grassland_remaining_grassland__mineral_soil,0,CSC_COL221
grassland_remaining_grassland__organic_soil,-0.29,CSC_COL222
peat_extraction_remaining_peat_extraction__aboveground_biomass,0,CSC_COL223
peat_extraction_remaining_peat_extraction__belowground_biomass,0,CSC_COL224
peat_extraction_remaining_peat_extraction__dead_wood,0,CSC_COL225
peat_extraction_remaining_peat_extraction__litter,0,CSC_COL226
peat_extraction_remaining_peat_extraction__mineral_soil,0,CSC_COL227
peat_extraction_remaining_peat_extraction__organic_soil,-16.08,CSC_COL228
wetland_remaining_wetland__aboveground_biomass,0,CSC_COL229
wetland_remaining_wetland__belowground_biomass,0,CSC_COL230
wetland_remaining_wetland__dead_wood,0,CSC_COL231
wetland_remaining_wetland__litter,0,CSC_COL232
wetland_remaining_wetland__mineral_soil,0,CSC_COL233
wetland_remaining_wetland__organic_soil,-12.24,CSC_COL234
settlement_remaining_settlement__aboveground_biomass,0,CSC_COL235
settlement_remaining_settlement__belowground_biomass,0,CSC_COL236
settlement_remaining_settlement__dead_wood,0,CSC_COL237
settlement_remaining_settlement__litter,0,CSC_COL238
settlement_remaining_settlement__mineral_soil,0,CSC_COL239
settlement_remaining_settlement__organic_soil,0,CSC_COL240
emission_factor_for_energy_carrier__gas,202,BUI_COL1
emission_factor_for_energy_carrier__oil,267,BUI_COL2
emission_factor_for_energy_carrier__coal,354,BUI_COL3
emission_factor_for_energy_carrier__peat,382,BUI_COL4
emission_factor_for_energy_carrier__wood,403,BUI_COL5
emission_factor_for_energy_carrier__renewable,0,BUI_COL6
emission_factor_for_energy_carrier__district_heating,1300,BUI_COL7
annual_demolition_rate_of_residential_buildings__2021_30,0,BUI_COL8
annual_demolition_rate_of_residential_buildings__2031_40,0,BUI_COL9
annual_demolition_rate_of_residential_buildings__2041_50,0,BUI_COL10
annual_demolition_of_commercial_buildings__2021_30,0,BUI_COL11
annual_demolition_of_commercial_buildings__2031_40,0,BUI_COL12
annual_demolition_of_commercial_buildings__2041_50,0,BUI_COL13
annual_increase_a_class_apartments__2021_30,0,BUI_COL14
annual_increase_a_class_apartments__2031_40,0,BUI_COL15
annual_increase_a_class_apartments__2041_50,0,BUI_COL16
annual_increase_b_class_apartments__2021_30,0,BUI_COL17
annual_increase_b_class_apartments__2031_40,0,BUI_COL18
annual_increase_b_class_apartments__2041_50,0,BUI_COL19
annual_increase_a_class_terraced_units__2021_30,0,BUI_COL20
annual_increase_a_class_terraced_units__2031_40,0,BUI_COL21
annual_increase_a_class_terraced_units__2041_50,0,BUI_COL22
annual_increase_b_class_terraced_units__2021_30,0,BUI_COL23
annual_increase_b_class_terraced_units__2031_40,0,BUI_COL24
annual_increase_b_class_terraced_units__2041_50,0,BUI_COL25
annual_increase_a_class_semi_detached_units__2021_30,0,BUI_COL26
annual_increase_a_class_semi_detached_units__2031_40,0,BUI_COL27
annual_increase_a_class_semi_detached_units__2041_50,0,BUI_COL28
annual_increase_b_class_semi_detached_units__2021_30,0,BUI_COL29
annual_increase_b_class_semi_detached_units__2031_40,0,BUI_COL30
annual_increase_b_class_semi_detached_units__2041_50,0,BUI_COL31
annual_increase_a_class_detached_units__2021_30,0,BUI_COL32
annual_increase_a_class_detached_units__2031_40,0,BUI_COL33
annual_increase_a_class_detached_units__2041_50,0,BUI_COL34
annual_increase_b_class_detached_units__2021_30,0,BUI_COL35
annual_increase_b_class_detached_units__2031_40,0,BUI_COL36
annual_increase_b_class_detached_units__2041_50,0,BUI_COL37
annual_increase_commercial_buildings__2021_30,0,BUI_COL38
annual_increase_commercial_buildings__2031_40,0,BUI_COL39
annual_increase_commercial_buildings__2041_50,0,BUI_COL40
floor_area_per_residential_unit__average,61,BUI_COL41
floor_area_per_residential_unit__apartment,49,BUI_COL42
floor_area_per_residential_unit__terraced,54,BUI_COL43
floor_area_per_residential_unit__semi_detached,56,BUI_COL44
floor_area_per_residential_unit__detached,87,BUI_COL45
average_total_energy_use__all_residential,16264,BUI_COL46
end_use_of_energy_residential_buildings__space_heating,78,BUI_COL47
end_use_of_energy_residential_buildings__water_heating,15,BUI_COL48
end_use_of_energy_residential_buildings__lights_and_appliances,7,BUI_COL49
end_use_of_energy_residential_buildings__pumps_and_fans,0,BUI_COL50
a_rated_apartment__electricity,681,BUI_COL51
a_rated_apartment__gas,0,BUI_COL52
a_rated_apartment__oil,0,BUI_COL53
a_rated_apartment__coal,0,BUI_COL54
a_rated_apartment__peat,0,BUI_COL55
a_rated_apartment__wood,0,BUI_COL56
a_rated_apartment__renewable,1551,BUI_COL57
a_rated_apartment__heat,1287,BUI_COL58
a_rated_terraced__electricity,731,BUI_COL59
a_rated_terraced__gas,0,BUI_COL60
a_rated_terraced__oil,0,BUI_COL61
a_rated_terraced__coal,0,BUI_COL62
a_rated_terraced__peat,0,BUI_COL63
a_rated_terraced__wood,0,BUI_COL64
a_rated_terraced__renewable,1664,BUI_COL65
a_rated_terraced__heat,1380,BUI_COL66
a_rated_semi_detached__electricity,765,BUI_COL67
a_rated_semi_detached__gas,0,BUI_COL68
a_rated_semi_detached__oil,0,BUI_COL69
a_rated_semi_detached__coal,0,BUI_COL70
a_rated_semi_detached__peat,0,BUI_COL71
a_rated_semi_detached__wood,0,BUI_COL72
a_rated_semi_detached__renewable,1743,BUI_COL73
a_rated_semi_detached__heat,1446,BUI_COL74
a_rated_detached__electricity,1176,BUI_COL75
a_rated_detached__gas,0,BUI_COL76
a_rated_detached__oil,0,BUI_COL77
a_rated_detached__coal,0,BUI_COL78
a_rated_detached__peat,0,BUI_COL79
a_rated_detached__wood,0,BUI_COL80
a_rated_detached__renewable,2679,BUI_COL81
a_rated_detached__heat,2221,BUI_COL82
b_rated_apartment__electricity,873,BUI_COL83
b_rated_apartment__gas,291,BUI_COL84
b_rated_apartment__oil,48,BUI_COL85
b_rated_apartment__coal,0,BUI_COL86
b_rated_apartment__peat,0,BUI_COL87
b_rated_apartment__wood,0,BUI_COL88
b_rated_apartment__renewable,1988,BUI_COL89
b_rated_apartment__heat,1648,BUI_COL90
b_rated_terraced__electricity,936,BUI_COL91
b_rated_terraced__gas,312,BUI_COL92
b_rated_terraced__oil,52,BUI_COL93
b_rated_terraced__coal,0,BUI_COL94
b_rated_terraced__peat,0,BUI_COL95
b_rated_terraced__wood,0,BUI_COL96
b_rated_terraced__renewable,2132,BUI_COL97
b_rated_terraced__heat,1768,BUI_COL98
b_rated_semi_detached__electricity,981,BUI_COL99
b_rated_semi_detached__gas,327,BUI_COL100
b_rated_semi_detached__oil,54,BUI_COL101
b_rated_semi_detached__coal,0,BUI_COL102
b_rated_semi_detached__peat,0,BUI_COL103
b_rated_semi_detached__wood,0,BUI_COL104
b_rated_semi_detached__renewable,2234,BUI_COL105
b_rated_semi_detached__heat,1853,BUI_COL106
b_rated_detached__electricity,1507,BUI_COL107
b_rated_detached__gas,502,BUI_COL108
b_rated_detached__oil,84,BUI_COL109
b_rated_detached__coal,0,BUI_COL110
b_rated_detached__peat,0,BUI_COL111
b_rated_detached__wood,0,BUI_COL112
b_rated_detached__renewable,3432,BUI_COL113
b_rated_detached__heat,2846,BUI_COL114
c_rated_apartment__electricity,2323,BUI_COL115
c_rated_apartment__gas,774,BUI_COL116
c_rated_apartment__oil,129,BUI_COL117
c_rated_apartment__coal,0,BUI_COL118
c_rated_apartment__peat,0,BUI_COL119
c_rated_apartment__wood,0,BUI_COL120
c_rated_apartment__renewable,5290,BUI_COL121
c_rated_apartment__heat,4387,BUI_COL122
c_rated_terraced__electricity,2567,BUI_COL123
c_rated_terraced__gas,856,BUI_COL124
c_rated_terraced__oil,143,BUI_COL125
c_rated_terraced__coal,0,BUI_COL126
c_rated_terraced__peat,0,BUI_COL127
c_rated_terraced__wood,0,BUI_COL128
c_rated_terraced__renewable,5847,BUI_COL129
c_rated_terraced__heat,4849,BUI_COL130
c_rated_semi_detached__electricity,2689,BUI_COL131
c_rated_semi_detached__gas,896,BUI_COL132
c_rated_semi_detached__oil,149,BUI_COL133
c_rated_semi_detached__coal,0,BUI_COL134
c_rated_semi_detached__peat,0,BUI_COL135
c_rated_semi_detached__wood,0,BUI_COL136
c_rated_semi_detached__renewable,6125,BUI_COL137
c_rated_semi_detached__heat,5080,BUI_COL138
c_rated_detached__electricity,4132,BUI_COL139
c_rated_detached__gas,1377,BUI_COL140
c_rated_detached__oil,230,BUI_COL141
c_rated_detached__coal,0,BUI_COL142
c_rated_detached__peat,0,BUI_COL143
c_rated_detached__wood,0,BUI_COL144
c_rated_detached__renewable,9411,BUI_COL145
c_rated_detached__heat,7804,BUI_COL146
d_rated_apartment__electricity,3195,BUI_COL147
d_rated_apartment__gas,1065,BUI_COL148
d_rated_apartment__oil,178,BUI_COL149
d_rated_apartment__coal,0,BUI_COL150
d_rated_apartment__peat,0,BUI_COL151
d_rated_apartment__wood,0,BUI_COL152
d_rated_apartment__renewable,7278,BUI_COL153
d_rated_apartment__heat,6035,BUI_COL154
d_rated_terraced__electricity,3382,BUI_COL155
d_rated_terraced__gas,1127,BUI_COL156
d_rated_terraced__oil,188,BUI_COL157
d_rated_terraced__coal,0,BUI_COL158
d_rated_terraced__peat,0,BUI_COL159
d_rated_terraced__wood,0,BUI_COL160
d_rated_terraced__renewable,7704,BUI_COL161
d_rated_terraced__heat,6389,BUI_COL162
d_rated_semi_detached__electricity,3543,BUI_COL163
d_rated_semi_detached__gas,1181,BUI_COL164
d_rated_semi_detached__oil,197,BUI_COL165
d_rated_semi_detached__coal,0,BUI_COL166
d_rated_semi_detached__peat,0,BUI_COL167
d_rated_semi_detached__wood,0,BUI_COL168
d_rated_semi_detached__renewable,8071,BUI_COL169
d_rated_semi_detached__heat,6693,BUI_COL170
d_rated_detached__electricity,5444,BUI_COL171
d_rated_detached__gas,1815,BUI_COL172
d_rated_detached__oil,302,BUI_COL173
d_rated_detached__coal,0,BUI_COL174
d_rated_detached__peat,0,BUI_COL175
d_rated_detached__wood,0,BUI_COL176
d_rated_detached__renewable,12400,BUI_COL177
d_rated_detached__heat,10283,BUI_COL178
e_rated_apartment__electricity,4138,BUI_COL179
e_rated_apartment__gas,1379,BUI_COL180
e_rated_apartment__oil,230,BUI_COL181
e_rated_apartment__coal,0,BUI_COL182
e_rated_apartment__peat,0,BUI_COL183
e_rated_apartment__wood,0,BUI_COL184
e_rated_apartment__renewable,9426,BUI_COL185
e_rated_apartment__heat,7817,BUI_COL186
e_rated_terraced__electricity,4424,BUI_COL187
e_rated_terraced__gas,1475,BUI_COL188
e_rated_terraced__oil,246,BUI_COL189
e_rated_terraced__coal,0,BUI_COL190
e_rated_terraced__peat,0,BUI_COL191
e_rated_terraced__wood,0,BUI_COL192
e_rated_terraced__renewable,10078,BUI_COL193
e_rated_terraced__heat,8357,BUI_COL194
e_rated_semi_detached__electricity,4635,BUI_COL195
e_rated_semi_detached__gas,1545,BUI_COL196
e_rated_semi_detached__oil,257,BUI_COL197
e_rated_semi_detached__coal,0,BUI_COL198
e_rated_semi_detached__peat,0,BUI_COL199
e_rated_semi_detached__wood,0,BUI_COL200
e_rated_semi_detached__renewable,10557,BUI_COL201
e_rated_semi_detached__heat,8755,BUI_COL202
e_rated_detached__electricity,7121,BUI_COL203
e_rated_detached__gas,2374,BUI_COL204
e_rated_detached__oil,396,BUI_COL205
e_rated_detached__coal,0,BUI_COL206
e_rated_detached__peat,0,BUI_COL207
e_rated_detached__wood,0,BUI_COL208
e_rated_detached__renewable,16220,BUI_COL209
e_rated_detached__heat,13451,BUI_COL210
f_rated_apartment__electricity,5053,BUI_COL211
f_rated_apartment__gas,1684,BUI_COL212
f_rated_apartment__oil,281,BUI_COL213
f_rated_apartment__coal,0,BUI_COL214
f_rated_apartment__peat,0,BUI_COL215
f_rated_apartment__wood,0,BUI_COL216
f_rated_apartment__renewable,11510,BUI_COL217
f_rated_apartment__heat,9545,BUI_COL218
f_rated_terraced__electricity,5436,BUI_COL219
f_rated_terraced__gas,1812,BUI_COL220
f_rated_terraced__oil,302,BUI_COL221
f_rated_terraced__coal,0,BUI_COL222
f_rated_terraced__peat,0,BUI_COL223
f_rated_terraced__wood,0,BUI_COL224
f_rated_terraced__renewable,12382,BUI_COL225
f_rated_terraced__heat,10268,BUI_COL226
f_rated_semi_detached__electricity,5695,BUI_COL227
f_rated_semi_detached__gas,1898,BUI_COL228
f_rated_semi_detached__oil,316,BUI_COL229
f_rated_semi_detached__coal,0,BUI_COL230
f_rated_semi_detached__peat,0,BUI_COL231
f_rated_semi_detached__wood,0,BUI_COL232
f_rated_semi_detached__renewable,12972,BUI_COL233
f_rated_semi_detached__heat,10757,BUI_COL234
f_rated_detached__electricity,8749,BUI_COL235
f_rated_detached__gas,2916,BUI_COL236
f_rated_detached__oil,486,BUI_COL237
f_rated_detached__coal,0,BUI_COL238
f_rated_detached__peat,0,BUI_COL239
f_rated_detached__wood,0,BUI_COL240
f_rated_detached__renewable,19929,BUI_COL241
f_rated_detached__heat,16527,BUI_COL242
g_rated_apartment__electricity,5827.414497,BUI_COL243
g_rated_apartment__gas,1942.471499,BUI_COL244
g_rated_apartment__oil,323.7452499,BUI_COL245
g_rated_apartment__coal,0,BUI_COL246
g_rated_apartment__peat,0,BUI_COL247
g_rated_apartment__wood,0,BUI_COL248
g_rated_apartment__renewable,13273.55524,BUI_COL249
g_rated_apartment__heat,11007.3385,BUI_COL250
g_rated_terraced__electricity,6190.990567,BUI_COL251
g_rated_terraced__gas,2063.663522,BUI_COL252
g_rated_terraced__oil,343.9439204,BUI_COL253
g_rated_terraced__coal,0,BUI_COL254
g_rated_terraced__peat,0,BUI_COL255
g_rated_terraced__wood,0,BUI_COL256
g_rated_terraced__renewable,14101.70074,BUI_COL257
g_rated_terraced__heat,11694.09329,BUI_COL258
g_rated_semi_detached__electricity,6485.799641,BUI_COL259
g_rated_semi_detached__gas,2161.933214,BUI_COL260
g_rated_semi_detached__oil,360.3222023,BUI_COL261
g_rated_semi_detached__coal,0,BUI_COL262
g_rated_semi_detached__peat,0,BUI_COL263
g_rated_semi_detached__wood,0,BUI_COL264
g_rated_semi_detached__renewable,14773.21029,BUI_COL265
g_rated_semi_detached__heat,12250.95488,BUI_COL266
g_rated_detached__electricity,9964.546722,BUI_COL267
g_rated_detached__gas,3321.515574,BUI_COL268
g_rated_detached__oil,553.585929,BUI_COL269
g_rated_detached__coal,0,BUI_COL270
g_rated_detached__peat,0,BUI_COL271
g_rated_detached__wood,0,BUI_COL272
g_rated_detached__renewable,22697.02309,BUI_COL273
g_rated_detached__heat,18821.92159,BUI_COL274
existing_apartments__electricity,2323,BUI_COL275
existing_apartments__gas,774,BUI_COL276
existing_apartments__oil,129,BUI_COL277
existing_apartments__coal,0,BUI_COL278
existing_apartments__peat,0,BUI_COL279
existing_apartments__wood,0,BUI_COL280
existing_apartments__renewable,5290,BUI_COL281
existing_apartments__heat,4387,BUI_COL282
existing_terraced__electricity,2567,BUI_COL283
existing_terraced__gas,856,BUI_COL284
existing_terraced__oil,143,BUI_COL285
existing_terraced__coal,0,BUI_COL286
existing_terraced__peat,0,BUI_COL287
existing_terraced__wood,0,BUI_COL288
existing_terraced__renewable,5847,BUI_COL289
existing_terraced__heat,4849,BUI_COL290
existing_semi_detached__electricity,2689,BUI_COL291
existing_semi_detached__gas,896,BUI_COL292
existing_semi_detached__oil,149,BUI_COL293
existing_semi_detached__coal,0,BUI_COL294
existing_semi_detached__peat,0,BUI_COL295
existing_semi_detached__wood,0,BUI_COL296
existing_semi_detached__renewable,6125,BUI_COL297
existing_semi_detached__heat,5080,BUI_COL298
existing_detached__electricity,4132,BUI_COL299
existing_detached__gas,1377,BUI_COL300
existing_detached__oil,230,BUI_COL301
existing_detached__coal,0,BUI_COL302
existing_detached__peat,0,BUI_COL303
existing_detached__wood,0,BUI_COL304
existing_detached__renewable,9411,BUI_COL305
existing_detached__heat,7804,BUI_COL306
ec_exiting_building_retail__electricity,165,BUI_COL307
ec_exiting_building_retail__gas,0,BUI_COL308
ec_exiting_building_retail__oil,0,BUI_COL309
ec_exiting_building_retail__coal,0,BUI_COL310
ec_exiting_building_retail__peat,0,BUI_COL311
ec_exiting_building_retail__wood,0,BUI_COL312
ec_exiting_building_retail__renewable,0,BUI_COL313
ec_exiting_building_retail__heat,0,BUI_COL314
ec_exiting_building_health__electricity,420,BUI_COL315
ec_exiting_building_health__gas,32,BUI_COL316
ec_exiting_building_health__oil,27,BUI_COL317
ec_exiting_building_health__coal,0,BUI_COL318
ec_exiting_building_health__peat,3,BUI_COL319
ec_exiting_building_health__wood,3,BUI_COL320
ec_exiting_building_health__renewable,0,BUI_COL321
ec_exiting_building_health__heat,0,BUI_COL322
ec_exiting_building_hospitality__electricity,350,BUI_COL323
ec_exiting_building_hospitality__gas,64.82,BUI_COL324
ec_exiting_building_hospitality__oil,54,BUI_COL325
ec_exiting_building_hospitality__coal,0,BUI_COL326
ec_exiting_building_hospitality__peat,5,BUI_COL327
ec_exiting_building_hospitality__wood,6.1,BUI_COL328
ec_exiting_building_hospitality__renewable,0,BUI_COL329
ec_exiting_building_hospitality__heat,0,BUI_COL330
ec_exiting_building_offices__electricity,120,BUI_COL331
ec_exiting_building_offices__gas,47,BUI_COL332
ec_exiting_building_offices__oil,39,BUI_COL333
ec_exiting_building_offices__coal,0,BUI_COL334
ec_exiting_building_offices__peat,4,BUI_COL335
ec_exiting_building_offices__wood,4,BUI_COL336
ec_exiting_building_offices__renewable,0,BUI_COL337
ec_exiting_building_offices__heat,0,BUI_COL338
ec_exiting_building_industrial__electricity,130,BUI_COL339
ec_exiting_building_industrial__gas,97,BUI_COL340
ec_exiting_building_industrial__oil,81,BUI_COL341
ec_exiting_building_industrial__coal,0,BUI_COL342
ec_exiting_building_industrial__peat,8,BUI_COL343
ec_exiting_building_industrial__wood,9,BUI_COL344
ec_exiting_building_industrial__renewable,0,BUI_COL345
ec_exiting_building_industrial__heat,0,BUI_COL346
ec_exiting_building_warehouses__electricity,160,BUI_COL347
ec_exiting_building_warehouses__gas,17,BUI_COL348
ec_exiting_building_warehouses__oil,15,BUI_COL349
ec_exiting_building_warehouses__coal,0,BUI_COL350
ec_exiting_building_warehouses__peat,1,BUI_COL351
ec_exiting_building_warehouses__wood,2,BUI_COL352
ec_exiting_building_warehouses__renewable,0,BUI_COL353
ec_exiting_building_warehouses__heat,0,BUI_COL354
building_type__residential_1,Apartment,BUI_COL355
building_type__residential_2,Terraced,BUI_COL356
building_type__residential_3,Semi_detached,BUI_COL357
building_type__residential_4,Detached,BUI_COL358
building_type__commercial_1,Retail,BUI_COL359
building_type__commercial_2,Health,BUI_COL360
building_type__commercial_3,Hospitality,BUI_COL361
building_type__commercial_4,Offices,BUI_COL362
building_type__commercial_5,Industrial,BUI_COL363
building_type__commercial_6,Warehouses,BUI_COL364
ec_new_building_retail__electricity,81,BUI_COL365
ec_new_building_retail__gas,0,BUI_COL366
ec_new_building_retail__oil,0,BUI_COL367
ec_new_building_retail__coal,0,BUI_COL368
ec_new_building_retail__peat,0,BUI_COL369
ec_new_building_retail__wood,0,BUI_COL370
ec_new_building_retail__renewable,5,BUI_COL371
ec_new_building_retail__heat,38,BUI_COL372
ec_new_building_health__electricity,239,BUI_COL373
ec_new_building_health__gas,0,BUI_COL374
ec_new_building_health__oil,0,BUI_COL375
ec_new_building_health__coal,0,BUI_COL376
ec_new_building_health__peat,0,BUI_COL377
ec_new_building_health__wood,0,BUI_COL378
ec_new_building_health__renewable,14,BUI_COL379
ec_new_building_health__heat,111,BUI_COL380
ec_new_building_hospitality__electricity,236.96,BUI_COL381
ec_new_building_hospitality__gas,0,BUI_COL382
ec_new_building_hospitality__oil,0,BUI_COL383
ec_new_building_hospitality__coal,0,BUI_COL384
ec_new_building_hospitality__peat,0,BUI_COL385
ec_new_building_hospitality__wood,0,BUI_COL386
ec_new_building_hospitality__renewable,13.7,BUI_COL387
ec_new_building_hospitality__heat,109.4,BUI_COL388
ec_new_building_offices__electricity,106,BUI_COL389
ec_new_building_offices__gas,0,BUI_COL390
ec_new_building_offices__oil,0,BUI_COL391
ec_new_building_offices__coal,0,BUI_COL392
ec_new_building_offices__peat,0,BUI_COL393
ec_new_building_offices__wood,0,BUI_COL394
ec_new_building_offices__renewable,6,BUI_COL395
ec_new_building_offices__heat,49,BUI_COL396
ec_new_building_industrial__electricity,160,BUI_COL397
ec_new_building_industrial__gas,0,BUI_COL398
ec_new_building_industrial__oil,0,BUI_COL399
ec_new_building_industrial__coal,0,BUI_COL400
ec_new_building_industrial__peat,0,BUI_COL401
ec_new_building_industrial__wood,0,BUI_COL402
ec_new_building_industrial__renewable,9,BUI_COL403
ec_new_building_industrial__heat,74,BUI_COL404
ec_new_building_warehouses__electricity,96,BUI_COL405
ec_new_building_warehouses__gas,0,BUI_COL406
ec_new_building_warehouses__oil,0,BUI_COL407
ec_new_building_warehouses__coal,0,BUI_COL408
ec_new_building_warehouses__peat,0,BUI_COL409
ec_new_building_warehouses__wood,0,BUI_COL410
ec_new_building_warehouses__renewable,6,BUI_COL411
ec_new_building_warehouses__heat,44,BUI_COL412
